Data;DB44;DB44S;DC35A;DC36A;DC36G;DFN41;DFN43;DFN44;DFX41;DFX43;DFX44;EB100;EB100C;EB10C;EB10K;FE19;FE23;FE27;FEI19;FEI19T;FEI23;FEI23T;FEI27;FEI27T;GrandTotal;H330;H440;H550;HI330;HI330T;HI440;HI440T;HI550;HI550T;IB44S;IB45;IB45S;IB51;IB51S;IB54;IB54B;IB54S;IB55;IB55S;IB6;IB6B;IB6S;IB7;IB7B;IB7BT;IB7S;IB7ST;IB7T;IF41;IF41 ;IF41B;IF41S;IF41S ;IF43;IF43B;IF43S;IF44;IF44 ;IF44S ;IF45;IF45S;IF46;IF46S;IF55;IF55B;IF55S;IF56B;IM7;IM7B;IM7S;IM8;IM8B;IM8IS;IM8S;IQ8IB;IQ8IS;IQ8S;IQ8WS;IT55;IT55S;IT56;IT56S;IT70;IT70B;IT70S;IW43S;IW45S;IW46S;RE120;RE31;RE32;RE32G;RE80;RFE39;RowLabels;TC41;TC41S;TC42;TC42S;TC44;TC44S;TC45;TC45S;TC56;TC56S;TF38;TF38S;TF39;TF39S;TF40;TF40S;TF41;TF41B;TF41S;TF44;TF44B;TF44S;TF55;TF55S;TF56;TF56S;TF70;TF70S;TF71;TF71B;TF71S;Miniload;Unitload
30/04/2026;0;0;0;0;0;0;0;0;0;0;0;0;0;0;0;0;0;0;0;0;1;1;0;108;0;0;0;0;0;0;0;0;789;0;0;0;0;0;0;0;0;0;0;0;0;0;0;0;0;0;1141;0;0;897;0;0;81;0;0;0;0;975;0;0;0;0;0;0;0;0;0;0;1;4;451;0;3;3;460;0;0;0;0;0;0;0;0;0;0;875;0;0;0;0;667;0;0;0;0;0;0;0;1;0;0;0;0;0;0;0;980;0;0;0;0;0;0;0;0;0;0;0;0;0;0;0;0;0;0;0;846;6399;1221
29/04/2026;0;0;0;0;0;0;0;0;0;0;0;0;0;0;0;0;0;0;0;0;1;0;1;795;0;0;0;0;0;0;0;0;1135;0;0;0;0;0;0;0;0;0;0;0;0;0;0;0;0;0;1427;0;0;1197;0;1;4;0;0;0;0;1273;0;0;0;0;0;0;0;0;0;0;0;4;442;0;397;9;76;0;0;1;0;0;0;0;0;0;1;1181;0;0;0;0;0;0;0;0;0;0;0;0;80;0;0;0;0;0;0;0;1187;0;0;0;0;0;0;0;0;0;0;0;0;0;0;0;0;0;4;0;1169;6019;1327
28/04/2026;0;0;0;0;0;0;0;0;0;0;0;0;0;0;0;0;0;0;2;0;5;0;0;668;0;0;0;0;1;0;0;0;1127;0;0;0;0;0;0;0;0;0;0;0;0;0;0;11;0;0;1359;0;0;1201;0;0;3;0;0;0;0;1265;0;0;0;0;0;0;0;0;0;0;0;9;355;0;372;79;71;0;0;0;2;0;0;0;0;0;0;1351;0;0;0;0;0;0;0;0;0;0;0;0;1273;0;0;0;0;0;0;0;0;0;0;0;0;0;0;0;0;0;0;0;0;0;0;0;0;0;1;0;949;5888;1226
27/04/2026;0;0;0;0;0;0;0;0;0;0;0;0;0;0;0;0;0;0;0;1;0;0;1;815;0;0;0;0;0;0;0;0;1123;0;0;0;0;0;0;0;0;0;0;0;0;0;0;5;0;0;1159;0;0;1383;0;0;1;0;0;0;0;1281;0;0;0;0;0;1;0;0;0;0;0;240;76;0;0;51;496;0;0;0;0;0;0;0;0;0;0;1381;0;0;0;0;0;0;0;0;0;0;0;0;1248;12;0;0;0;0;0;0;0;0;0;0;0;0;0;0;0;0;0;0;0;0;0;0;0;4;558;0;352;5245;1185
25/04/2026;0;0;0;0;0;0;0;0;0;0;0;0;0;0;0;0;0;0;0;4;0;0;0;766;0;0;0;0;0;0;1;0;1046;0;0;0;0;0;0;0;0;0;0;0;0;0;0;198;0;0;885;0;0;996;0;0;273;0;0;0;0;1123;0;0;0;0;0;0;0;0;0;0;0;324;0;0;3;0;496;0;0;0;7;0;0;0;0;0;2;884;0;0;0;0;0;0;0;0;0;0;0;0;47;1080;0;0;0;2;0;0;0;0;0;0;0;0;0;0;0;0;0;0;0;0;0;0;1;0;594;0;5;5667;1330
24/04/2026;0;0;0;0;0;0;0;0;0;0;0;0;0;0;0;0;0;0;0;691;1;0;0;48;0;0;0;0;0;0;3;0;1137;0;0;0;0;0;0;0;0;0;0;0;0;0;0;0;0;13;1132;13;14;0;0;5;1287;0;0;0;0;1298;0;0;0;0;0;0;0;0;0;0;2;321;1;0;2;1;436;0;0;10;46;0;0;0;0;3;20;1178;0;0;2;0;0;0;0;0;0;0;0;0;8;1259;0;0;0;1;0;0;0;1;0;0;0;0;0;0;0;0;0;0;0;0;0;0;108;0;801;3;3;5170;1306
23/04/2026;0;0;0;0;0;0;0;0;0;0;0;0;0;0;0;0;0;0;22;814;1;1;1;0;0;0;0;0;3;0;0;0;1092;0;0;0;0;1;8;0;0;0;0;0;0;1;0;467;0;0;640;0;0;0;0;3;1349;0;0;0;1;1410;0;1;0;0;0;1;0;0;0;0;5;327;0;0;0;16;430;0;0;61;0;0;0;0;0;22;1258;39;0;0;0;0;0;0;0;0;0;0;0;0;802;187;0;0;0;0;0;0;0;2;0;0;0;0;0;0;0;0;0;0;0;0;0;0;0;0;935;0;0;5651;1205
22/04/2026;0;0;0;0;0;0;0;0;0;0;0;0;0;0;0;0;0;0;776;59;15;5;4;2;0;0;0;0;14;0;0;0;1057;0;0;0;0;1;0;0;0;0;0;0;0;0;0;1027;9;0;0;0;0;0;0;310;701;0;0;0;0;1430;0;11;0;0;0;60;0;0;0;0;5;315;0;0;4;30;416;0;0;0;0;0;0;0;0;425;892;0;0;0;0;0;0;0;0;0;0;0;0;0;946;0;0;0;0;0;0;0;0;0;0;0;0;0;0;0;0;0;0;0;0;0;0;0;0;0;856;0;0;5483;1102
17/04/2026;0;0;0;0;0;0;0;0;0;0;0;0;0;0;0;0;0;0;780;2;73;2;6;0;0;0;0;0;0;0;45;0;878;0;0;0;0;1;5;0;0;0;0;0;1;0;0;1286;1;0;1;0;0;0;0;0;0;0;0;0;0;1373;0;8;0;0;55;1028;0;0;0;0;419;3;0;0;278;0;197;0;0;0;0;0;0;0;0;1229;0;0;0;0;0;0;0;0;0;0;0;0;0;0;926;0;0;0;0;2;0;0;0;0;0;0;0;0;0;0;0;0;0;0;0;0;0;0;2;1;516;388;8;5912;1274
16/04/2026;0;0;0;0;0;0;0;0;0;0;0;0;0;0;0;0;0;0;1;0;552;242;0;0;0;0;0;0;0;0;1211;0;0;0;0;0;0;1;3;0;0;0;0;0;0;0;0;723;561;0;1;0;0;0;0;0;0;0;0;0;0;984;0;474;0;0;1096;2;0;0;0;0;455;0;1;0;431;0;9;0;0;0;0;0;0;0;0;1367;1;0;0;0;0;0;1;0;0;0;0;0;0;0;797;0;0;0;0;0;0;0;1;2;0;0;0;0;0;0;0;0;0;0;0;0;0;0;1;0;6;912;3;5908;1379
15/04/2026;0;0;4;0;0;0;0;0;0;0;0;0;0;0;0;0;0;0;1;0;296;538;2;4;0;0;0;0;52;0;954;0;0;0;0;0;0;6;3;0;0;0;0;0;0;0;0;0;1244;0;87;0;0;0;0;0;0;0;0;0;0;1;0;1421;0;0;1121;2;0;0;0;0;445;0;0;0;446;0;1;0;0;0;0;0;0;0;0;1158;0;0;0;0;0;0;1;0;0;0;0;0;0;0;930;0;0;0;0;0;0;0;0;2;0;0;0;0;0;0;0;0;0;0;0;0;0;0;102;5;2;67;848;6060;1394
14/04/2026;0;0;0;0;0;0;0;0;0;0;0;0;0;0;0;0;0;0;8;0;672;1;74;6;0;0;0;0;1202;0;0;0;0;0;0;0;0;1;160;0;0;0;0;0;0;0;0;0;0;0;1208;0;0;0;0;0;0;0;0;0;2;0;0;1347;0;0;1173;1;0;0;0;0;453;0;0;0;478;0;0;0;0;0;0;0;0;0;0;0;0;0;0;0;0;0;0;0;0;0;0;0;0;0;846;0;0;0;5;1;0;0;48;3;0;0;0;0;0;0;0;0;0;0;0;0;0;0;1295;1;0;0;893;5938;1305
13/04/2026;0;0;2;0;0;0;0;0;0;0;0;0;0;0;0;0;0;0;9;0;0;0;809;3;0;0;0;0;1196;0;0;0;0;0;0;0;0;5;1267;0;0;0;0;0;1;0;0;0;0;0;0;0;0;0;0;0;0;0;0;0;0;1;0;1391;0;0;1087;1;0;0;0;0;450;0;0;0;444;0;0;0;0;0;0;0;0;0;0;0;0;0;0;0;0;0;12;0;0;0;0;0;0;0;0;0;0;0;0;0;0;0;959;0;0;0;0;0;0;0;0;0;0;0;0;0;0;0;1347;0;0;0;932;5570;1198
11/04/2026;0;0;132;0;0;0;0;0;0;0;0;0;0;0;0;0;0;0;0;0;0;0;747;53;0;0;0;0;1087;0;0;0;0;0;0;0;0;8;1019;0;0;0;0;0;0;0;0;0;0;0;0;0;0;0;0;0;0;0;0;0;0;96;0;1094;0;0;977;172;0;0;0;0;404;0;1;0;418;0;1;0;0;0;0;0;0;0;0;0;0;0;0;0;0;0;11;0;0;0;0;0;0;0;1;0;0;0;0;0;0;0;779;152;0;0;0;0;0;0;0;0;0;0;0;0;0;0;1140;10;3;0;883;5135;1312
10/04/2026;0;0;1472;0;0;0;0;0;0;0;0;0;0;0;0;0;0;0;3;0;0;0;2;816;0;0;0;0;1154;0;0;0;0;0;0;0;0;839;512;0;0;0;0;0;1;1;0;0;0;0;1;0;0;0;0;0;0;0;0;0;0;3;0;0;0;0;0;1185;0;0;0;0;448;0;2;0;490;0;1;0;0;0;0;0;0;0;0;0;0;0;0;0;0;0;8;0;0;0;0;0;0;0;1;0;0;0;0;0;0;0;291;673;0;0;0;0;0;0;0;0;0;0;0;0;0;0;90;1178;45;0;902;5897;1234
09/04/2026;0;0;1484;0;0;0;0;0;0;0;0;44;0;71;4;0;0;0;8;0;0;0;379;310;0;0;0;0;1117;0;0;0;0;0;0;0;0;986;0;0;0;0;0;0;0;119;1;0;0;0;1;0;0;0;0;0;0;0;0;0;0;28;0;0;0;0;0;1357;0;0;0;0;294;0;90;0;418;0;0;0;0;0;0;0;0;0;0;0;0;5;0;0;3;0;1;0;0;0;0;0;0;0;0;0;0;0;0;0;0;0;2;966;0;0;0;0;0;0;0;0;0;0;0;0;0;0;0;1292;888;0;1;6051;1221
08/04/2026;0;0;1289;0;0;0;0;0;0;0;0;439;0;58;0;0;0;0;0;0;0;0;0;0;0;0;0;0;839;0;2;0;0;0;0;0;0;0;0;0;0;0;0;0;156;318;524;0;0;0;0;0;0;0;0;0;0;0;0;0;0;0;0;0;0;0;0;1224;0;0;0;0;1;0;645;0;433;0;545;0;0;0;0;0;0;0;0;0;0;0;0;0;3;0;98;0;0;0;0;0;0;0;0;0;0;0;0;0;0;0;0;774;0;0;0;0;0;0;0;0;0;0;0;0;0;0;0;584;392;0;1;6015;1105
07/04/2026;0;0;1489;0;0;0;0;0;0;0;0;512;0;0;0;0;0;0;0;0;0;0;0;0;0;0;0;0;0;0;0;0;0;0;0;0;0;0;0;0;0;0;0;0;276;0;741;0;0;0;2;0;0;1;0;0;0;0;0;0;0;1;0;0;0;0;3;1159;0;0;0;0;0;0;730;0;0;0;1077;0;0;0;0;0;0;0;0;2;0;1;0;0;63;0;1539;0;0;0;0;0;0;0;8;0;0;0;0;0;0;0;4;974;0;0;0;0;0;0;0;0;0;0;0;0;0;0;0;647;418;0;0;7006;1192
06/04/2026;0;0;1406;0;0;0;0;0;0;0;0;501;0;0;2;0;0;0;20;0;0;0;0;0;0;0;0;0;0;0;0;0;0;0;0;0;0;0;0;0;0;0;0;0;0;0;1072;0;0;0;1;0;0;0;0;0;0;0;0;0;0;0;0;0;0;0;0;0;0;0;0;0;0;0;690;0;0;0;1046;0;0;0;0;0;0;0;0;0;0;131;0;0;1140;0;1409;0;0;0;0;0;0;0;130;0;0;0;0;0;0;0;260;671;0;0;0;0;0;0;0;0;0;0;0;0;0;0;0;434;450;1;12;5083;1044
02/04/2026;0;0;1453;0;0;0;0;0;0;0;0;467;0;0;64;0;0;0;4;0;0;0;0;0;0;0;0;0;0;0;0;0;0;0;0;0;0;0;0;0;0;0;0;0;0;0;950;0;0;0;117;0;0;3;0;0;0;0;0;0;0;4;0;0;0;0;0;0;0;0;0;0;0;0;732;0;0;0;1067;0;0;0;0;0;0;0;0;0;0;680;0;0;0;0;1472;0;0;0;0;0;0;0;1314;0;0;0;6;4;0;0;1001;0;0;0;0;0;0;0;0;0;0;0;0;0;0;0;0;0;461;0;0;5948;1282
01/04/2026;0;0;1233;0;0;0;0;0;0;0;0;0;0;0;439;0;0;0;261;0;0;0;0;0;0;0;0;0;0;0;0;0;0;0;0;0;0;0;0;0;0;0;0;0;0;0;0;0;0;0;1553;0;0;0;0;0;0;0;0;0;0;0;0;0;0;0;1;0;0;0;0;0;0;0;796;0;0;0;1379;0;0;0;0;0;0;0;0;12;0;656;0;0;0;0;1580;0;0;0;0;0;0;0;1360;0;0;0;1;376;0;0;1101;0;0;0;0;0;0;0;0;0;0;0;0;0;0;0;1;0;438;0;0;5861;1229
31/03/2026;0;0;0;0;0;0;0;0;0;0;0;0;0;0;0;0;0;0;647;0;0;0;0;0;0;0;0;0;0;0;0;0;0;0;0;0;0;0;0;0;0;0;0;0;0;0;0;0;0;0;1034;0;0;2;0;0;0;0;0;0;0;0;0;0;0;0;0;0;0;0;0;0;0;0;408;0;0;0;970;0;0;0;0;0;0;0;0;0;0;566;0;0;0;0;1046;0;0;0;0;0;0;0;871;0;0;0;45;1112;0;0;776;0;0;0;0;0;0;0;0;0;0;0;0;0;0;0;3;0;449;0;0;6048;1342
30/03/2026;0;0;0;0;0;0;0;0;0;0;0;0;0;0;0;0;0;0;800;0;0;0;0;0;0;0;0;0;18;0;47;0;0;0;0;0;0;0;0;0;0;0;0;0;0;0;0;1;0;0;1212;0;0;431;0;0;3;0;0;0;0;3;0;0;0;0;0;0;0;0;0;0;0;0;537;0;1;0;1251;0;0;0;0;0;0;0;0;0;0;406;0;0;0;0;1167;0;0;0;0;0;0;0;698;0;0;0;1451;0;0;0;670;302;0;0;0;0;0;0;0;0;0;0;0;0;0;0;1;0;471;0;11;5277;1155
27/03/2026;0;0;0;0;0;0;0;0;0;0;0;0;0;0;0;0;0;0;913;0;0;0;1;0;0;0;0;0;2;0;1172;0;0;0;0;0;0;0;0;0;0;0;0;0;0;0;0;3;0;0;921;0;0;1432;0;0;100;0;0;0;0;127;0;0;0;0;0;0;0;0;0;0;0;0;281;0;0;0;641;0;0;0;0;0;0;0;0;136;0;0;0;0;0;0;0;0;0;0;0;0;0;0;0;0;0;0;1393;0;0;0;0;1023;0;0;0;0;0;0;0;0;0;0;0;0;0;0;0;0;59;0;2164;5509;1307
26/03/2026;0;0;0;0;0;0;0;0;0;0;0;0;0;0;0;0;0;0;827;0;0;0;11;0;0;0;0;0;40;0;1034;0;0;0;0;0;0;0;1;0;0;0;0;0;0;0;0;76;6;0;839;0;0;1006;0;1;496;0;0;0;0;1487;0;0;0;0;0;0;0;0;0;0;2;0;294;0;0;0;668;0;0;0;0;0;0;0;0;370;0;944;0;0;0;0;0;0;0;0;0;0;0;0;0;0;0;0;0;0;0;0;0;990;0;0;0;0;0;0;0;0;0;0;0;0;0;0;1;0;49;0;888;5695;1363
25/03/2026;0;0;0;0;0;0;0;0;0;0;0;0;0;0;0;0;0;0;836;0;0;0;1;0;0;0;0;0;1230;0;0;0;0;0;0;0;0;0;2;0;0;0;0;0;0;0;0;0;0;0;921;0;0;1573;0;1;2;0;0;0;0;1508;0;3;0;0;0;0;0;0;0;0;0;0;255;0;10;0;596;0;0;0;0;0;0;0;0;2;1;1153;0;0;0;0;0;0;0;0;0;0;0;0;0;0;0;0;0;0;0;0;2;984;0;0;0;0;0;0;0;0;0;0;0;0;0;0;0;0;1;0;1189;5609;1273
24/03/2026;0;0;0;0;0;0;0;0;0;0;0;0;0;0;0;0;0;0;812;0;0;0;0;0;0;0;0;0;1193;0;2;0;1;0;0;0;0;0;6;0;0;0;0;0;0;0;0;2;1;0;924;0;0;1492;0;0;7;0;0;0;0;1491;0;0;0;0;0;0;0;0;0;0;0;0;268;0;596;0;32;0;0;0;0;0;0;0;0;6;0;1081;0;0;0;0;0;0;0;0;0;0;0;0;4;0;0;0;0;0;0;0;2;983;0;0;0;0;0;0;0;0;0;0;0;0;0;0;0;0;0;0;1134;5610;1271
23/03/2026;0;0;0;0;0;0;0;0;0;0;0;0;0;0;0;0;0;0;795;0;0;0;5;0;0;0;0;0;1200;0;0;0;8;0;0;0;0;0;0;0;0;0;0;0;0;0;0;3;0;0;993;0;0;698;0;0;0;0;0;0;0;1377;0;16;0;0;0;0;0;0;0;0;0;0;263;0;629;0;3;0;0;0;0;0;0;0;0;831;0;301;0;0;0;0;0;0;0;0;0;0;0;0;502;0;0;0;0;0;0;0;0;892;0;0;0;0;0;0;0;0;0;0;0;0;0;0;0;0;0;0;1146;5291;1164
21/03/2026;0;0;0;0;0;0;0;0;0;0;0;0;0;0;0;0;0;0;0;0;0;0;0;0;0;0;0;0;0;0;0;0;0;0;0;0;0;0;3;0;0;0;0;0;0;0;0;1;302;0;230;0;0;1354;0;0;2;0;0;0;0;1355;0;0;0;0;0;0;0;0;0;0;0;0;248;0;553;0;4;0;0;0;0;0;0;0;0;864;0;8;0;0;0;0;0;0;0;0;0;0;0;0;0;0;0;0;0;0;0;0;2;885;0;0;0;0;0;0;0;0;0;0;0;0;0;0;0;135;1;2;784;5207;1080
20/03/2026;0;0;0;0;0;0;0;0;0;0;0;0;0;0;0;0;0;0;773;0;2;0;7;0;0;0;0;0;1203;0;4;0;3;0;0;0;0;0;114;0;0;0;0;0;0;0;0;4;956;0;0;0;0;1065;0;219;43;0;0;0;0;1400;0;1;0;0;0;0;0;0;0;0;0;0;274;0;212;0;413;0;0;0;0;0;0;0;0;992;0;2;0;0;0;0;1;0;0;0;0;0;0;0;1;0;0;0;0;0;0;0;11;940;0;0;0;0;0;0;0;0;0;0;0;0;0;0;0;82;131;2;758;5611;1267
19/03/2026;0;0;0;0;0;0;0;0;0;0;0;0;0;0;0;0;0;0;225;0;2;0;495;0;0;0;0;0;1216;0;0;0;0;0;0;0;0;0;1033;0;0;0;0;0;0;0;0;0;0;0;0;0;0;97;0;86;1056;0;0;0;0;1337;0;2;0;0;0;0;0;0;0;0;10;0;266;0;0;0;635;0;0;0;0;0;0;0;0;1040;0;87;0;0;0;0;2;0;0;0;0;0;0;0;0;0;0;0;0;0;0;0;100;798;0;0;0;0;0;0;0;0;0;0;0;0;0;0;0;2;72;525;503;5515;1229
18/03/2026;0;0;0;0;0;0;0;0;0;0;0;2;0;0;2;0;0;0;0;0;9;0;884;0;0;0;0;0;1033;0;60;0;0;0;0;0;0;0;936;0;0;0;0;0;0;0;0;13;118;0;0;0;0;0;0;0;1245;0;0;0;6;1151;0;198;0;0;0;0;0;0;0;0;220;0;48;0;0;0;647;0;0;0;0;0;0;0;0;0;0;882;0;0;0;0;1;0;0;0;0;0;0;0;8;0;0;0;2;0;0;0;877;0;0;0;0;0;0;0;0;0;0;0;0;0;0;0;0;137;760;207;1;5635;1222
17/03/2026;0;0;0;0;0;0;0;0;0;0;0;0;0;0;0;0;0;0;0;0;0;0;836;0;0;0;0;0;1;0;942;0;56;0;0;0;0;0;0;0;0;0;0;0;0;0;0;569;541;0;0;0;0;0;0;0;1263;0;0;0;2;2;0;1414;0;0;0;0;0;0;0;0;261;0;3;0;0;0;620;0;0;0;0;0;0;0;0;0;0;0;0;0;0;0;3;0;0;0;0;0;0;0;0;0;0;0;0;0;0;0;978;0;0;0;0;0;0;0;0;0;0;0;0;0;0;0;5;1282;865;0;1;5808;1187
16/03/2026;0;0;0;0;0;0;0;0;0;0;0;4;0;0;1;0;0;0;0;0;10;0;864;0;0;0;0;0;6;0;0;0;988;0;0;0;0;0;0;0;0;0;0;0;0;0;0;953;1;0;0;0;0;2;0;0;984;0;0;0;138;5;0;1356;0;0;0;0;0;0;0;0;144;0;138;0;0;0;629;0;0;0;0;0;0;0;0;0;0;0;0;0;0;0;6;0;0;0;0;0;0;0;1;0;0;0;0;0;0;0;874;0;0;0;0;0;0;0;0;0;0;0;0;0;0;0;1;1245;831;0;0;5134;1139
14/03/2026;0;0;1;0;0;0;0;0;0;0;0;0;0;0;0;0;0;0;0;0;0;0;0;0;0;0;0;0;0;0;0;0;0;0;0;0;0;0;1;0;0;0;0;0;0;0;0;1059;0;0;0;0;0;116;0;0;1;0;0;0;1093;5;0;1130;0;0;114;0;0;0;0;0;0;0;246;0;0;0;616;1;0;0;0;0;0;0;0;0;0;0;0;0;0;0;0;0;0;0;0;0;0;0;0;0;0;0;0;0;0;0;841;0;0;0;0;0;0;0;0;0;0;0;0;0;0;0;8;1169;828;0;5;5686;1273
13/03/2026;0;0;83;0;0;0;0;0;0;0;0;0;0;0;0;0;0;0;0;0;20;0;886;0;0;0;0;0;0;0;0;0;975;0;0;0;0;1;106;0;0;0;0;0;0;0;0;991;1;0;0;0;0;1265;0;0;106;0;0;0;0;0;0;0;0;0;1289;3;0;0;0;0;2;0;279;0;0;0;623;0;0;0;0;0;0;0;0;0;0;0;0;0;0;0;8;0;0;0;0;0;0;0;0;0;0;0;0;0;0;0;801;0;0;0;0;0;0;0;0;0;0;0;0;0;0;0;766;457;875;0;4;6319;1313
12/03/2026;0;0;938;0;0;0;0;0;0;0;0;2;0;0;2;0;0;0;0;0;105;0;740;0;0;0;0;0;0;0;0;0;929;0;0;0;0;1;1069;0;0;0;0;0;0;0;0;0;0;0;0;0;0;1;0;0;1405;0;0;0;0;0;0;1;0;0;406;878;0;0;0;0;9;0;253;0;0;0;593;0;0;0;0;0;0;0;0;0;0;1;0;0;1;0;0;0;0;0;0;0;0;0;0;0;0;0;2;0;0;0;4;0;0;0;0;0;0;0;0;0;0;0;0;0;0;0;1321;1;50;0;910;6363;1236
11/03/2026;0;0;962;0;0;0;0;0;0;0;0;3;0;0;6;0;0;0;0;0;817;0;23;0;0;0;0;0;0;0;0;0;816;0;0;0;0;3;1025;0;0;0;1;0;1;0;1;0;1;0;0;0;0;512;0;0;726;0;0;0;0;4;0;0;0;0;0;1244;0;0;0;0;65;0;212;0;1;0;641;1;0;0;0;0;0;0;0;0;0;0;0;0;0;0;33;0;0;0;0;0;0;0;0;0;0;0;122;0;0;0;0;0;0;0;0;0;0;0;0;0;0;0;0;0;0;0;1313;4;1;0;896;6492;1251
10/03/2026;0;0;923;0;0;0;0;0;0;0;0;16;0;0;73;0;0;0;0;0;550;0;0;0;0;0;0;0;0;0;0;0;0;0;0;0;0;752;336;0;0;0;0;0;1;0;0;0;1;0;2;0;0;0;0;0;0;0;0;0;0;0;0;144;0;0;0;1341;0;0;0;0;272;0;0;0;0;0;649;0;0;0;0;0;0;0;0;0;9;0;0;0;0;0;1252;0;0;0;0;0;0;0;1;0;0;0;1275;0;0;0;0;0;0;0;0;0;0;0;0;0;0;0;0;0;0;0;1319;0;43;2;751;6538;1240
09/03/2026;0;0;912;0;0;0;0;0;0;0;0;293;0;0;220;0;0;0;0;0;0;0;0;0;0;0;0;0;0;0;0;0;0;0;0;0;0;1040;0;0;0;0;0;0;0;0;0;0;1;0;0;0;0;0;0;0;1;0;0;0;0;1;0;1340;0;0;2;1252;0;0;0;0;240;12;1;0;0;0;594;1;0;0;0;0;0;0;0;2;0;86;0;0;0;0;1438;0;0;0;0;0;0;0;9;0;0;0;0;1;0;0;0;1;0;0;0;0;0;0;0;0;0;0;0;0;0;0;1108;0;864;0;0;5761;1110
06/03/2026;0;0;794;0;0;0;0;0;0;0;0;568;0;0;0;0;0;0;0;0;0;0;0;0;0;0;0;0;0;0;0;0;0;0;0;0;0;1003;0;0;0;0;0;0;101;0;5;0;2;0;0;0;0;0;0;0;0;0;0;0;0;0;0;1341;0;0;6;1309;0;0;0;0;52;226;1;0;0;0;654;0;0;0;0;0;0;0;0;1;0;1183;0;0;0;0;1511;0;0;0;0;0;0;0;79;0;0;0;0;0;0;0;0;0;0;0;0;0;0;0;0;0;0;0;0;0;0;0;0;0;1163;0;2;6407;1447
05/03/2026;0;0;0;0;0;0;0;0;0;0;0;476;0;0;0;0;0;0;0;0;0;0;0;0;0;0;0;0;0;0;0;0;0;0;0;0;0;0;0;0;0;0;0;0;339;8;810;0;0;0;2;0;0;0;0;0;0;0;0;0;0;0;0;1396;0;0;643;729;0;0;0;0;0;270;1;0;0;0;637;32;0;0;0;0;0;0;0;0;0;1157;0;0;0;0;1471;0;0;0;0;0;0;0;946;1;0;0;0;0;0;0;0;0;0;0;0;0;0;0;0;0;0;0;0;0;0;0;0;0;1155;0;1;6858;1433
04/03/2026;0;0;0;0;0;0;0;0;0;0;0;501;0;0;0;0;0;0;0;0;0;0;0;0;0;0;0;0;0;0;0;0;0;0;0;0;0;0;0;0;0;0;0;0;0;1;1115;0;0;0;2;0;0;0;0;0;1;0;0;0;0;90;0;1265;0;0;1356;0;0;0;0;0;0;233;3;0;0;26;479;31;0;0;0;0;0;0;0;96;0;989;0;0;0;0;1567;0;0;0;0;0;0;0;1015;1;0;0;0;0;0;0;0;0;0;0;0;0;1;0;0;0;0;0;0;0;0;0;0;0;1022;0;77;5578;1190
03/03/2026;0;0;0;0;0;0;0;0;0;0;0;587;0;0;0;0;0;0;0;0;0;0;0;0;0;0;0;0;0;0;0;0;0;0;0;0;0;0;0;0;0;0;0;0;1;769;187;0;91;0;6;0;0;4;0;0;1;0;0;0;0;1396;0;0;0;0;1262;0;0;0;0;0;0;64;208;0;0;87;535;0;0;0;0;0;0;0;0;1081;2;2;0;0;0;0;1432;0;0;0;0;0;0;0;478;415;0;0;0;0;0;0;0;0;0;0;0;0;0;0;0;0;0;0;0;0;0;0;0;0;4;0;1095;6934;1366
02/03/2026;0;0;0;0;0;0;0;0;0;0;0;358;0;0;0;0;0;0;0;0;0;0;0;0;0;0;0;0;0;0;0;0;64;0;0;0;0;0;2;0;0;0;0;0;0;0;0;0;322;0;923;0;0;117;0;0;100;0;0;0;0;1370;0;0;0;0;1000;0;0;0;0;0;0;0;281;0;0;51;569;0;0;0;0;0;0;0;0;685;91;13;0;0;0;0;1408;0;0;0;0;0;0;0;0;858;0;0;0;0;0;0;0;0;0;0;0;0;2;0;0;0;0;0;0;0;0;0;0;0;8;1;782;5765;1204
01/03/2026;0;0;0;0;0;0;0;0;0;0;0;0;0;0;0;0;0;0;0;0;0;0;0;0;0;0;0;0;0;0;0;0;224;0;0;0;0;0;0;0;0;0;0;0;0;0;0;0;0;0;291;0;0;240;0;261;0;0;0;0;0;0;0;265;0;0;0;0;0;0;0;0;0;0;0;0;0;0;0;0;0;0;0;0;0;0;0;0;198;0;0;0;0;0;206;0;0;0;0;0;0;0;0;0;0;0;0;0;0;0;0;0;0;0;0;0;0;0;0;0;0;0;0;0;0;0;0;0;198;0;59;671;149
28/02/2026;0;0;0;0;0;0;0;0;0;0;0;0;0;0;0;0;0;0;0;0;6;0;7;0;0;0;0;0;0;0;0;0;617;0;0;0;0;0;0;0;0;0;0;0;0;0;0;0;0;0;949;0;0;800;0;0;869;0;0;0;0;856;0;0;0;0;0;0;0;0;0;0;0;0;240;0;0;0;611;0;0;0;0;0;0;0;0;0;742;0;0;0;0;0;659;0;0;0;0;0;0;0;0;0;0;0;0;0;0;0;0;0;0;0;0;0;0;0;0;0;0;0;0;0;0;0;0;0;757;1;0;5607;1228
27/02/2026;0;0;0;0;0;0;0;0;0;0;0;0;0;0;0;0;0;0;0;0;5;0;0;0;0;0;0;0;0;0;0;0;1056;0;0;0;0;0;0;0;0;0;0;0;0;0;0;3;1;0;1316;0;0;1116;0;0;1160;0;0;0;0;1164;0;14;0;0;1;0;0;0;0;0;0;0;282;0;0;0;645;0;0;1;0;0;0;0;0;0;1097;5;0;0;0;0;878;0;0;0;0;0;0;0;0;4;0;0;0;0;0;0;0;0;0;0;0;0;1;0;0;0;0;2;0;0;0;0;0;0;1041;1;0;5905;1310
26/02/2026;0;0;0;0;0;0;0;0;0;0;0;1;0;0;0;0;0;0;0;0;1;0;73;0;0;0;0;0;0;0;0;0;1006;0;0;0;0;0;0;0;0;0;0;0;0;0;0;0;1;0;1246;0;0;585;0;0;1658;0;0;0;0;1172;0;1;0;0;0;1;0;0;0;0;0;0;257;0;0;0;613;1;0;0;0;0;0;0;0;1;1084;9;0;0;0;0;605;0;0;0;0;0;0;0;0;0;0;0;0;0;0;0;0;0;0;0;0;0;3;0;0;1;0;0;0;0;0;0;0;0;1119;0;1;5700;1342
25/02/2026;0;0;0;0;0;0;0;0;0;0;0;0;0;0;0;0;0;0;1;0;0;0;713;0;0;0;0;0;0;0;0;0;871;0;0;0;0;0;0;0;0;0;0;0;0;0;0;0;2;0;1262;0;0;0;0;0;2225;0;0;0;0;1151;0;2;0;0;7;2;0;0;0;0;0;0;255;0;0;0;593;0;0;3;0;0;0;0;0;1;71;1004;0;0;0;0;0;0;0;0;0;0;0;0;1;1;0;0;0;0;0;0;0;0;0;0;0;0;0;0;0;0;0;0;0;0;0;0;0;3;1071;0;0;5593;1346
24/02/2026;0;0;0;0;0;0;0;0;0;0;0;0;0;0;0;0;0;0;0;0;0;0;792;0;0;0;0;0;0;0;0;0;1082;0;0;0;0;0;0;0;0;0;1;0;0;0;0;0;376;0;881;0;0;119;0;0;2071;0;0;0;0;1120;0;7;0;0;5;1;0;0;0;0;0;0;292;0;0;0;524;1;0;80;0;0;0;0;0;1;17;1062;0;0;1;0;0;0;0;0;0;0;0;0;0;2;0;0;0;0;0;0;0;0;0;0;0;0;0;0;0;5;0;0;0;0;0;0;0;9;1161;0;1;5597;1278
23/02/2026;0;0;0;0;0;0;0;0;0;0;0;0;0;0;0;0;0;0;0;0;1;0;759;0;0;0;0;0;0;0;0;0;984;0;0;0;0;0;0;0;0;0;0;1;0;0;0;0;249;0;709;0;0;749;0;0;912;0;0;0;0;1051;0;0;0;0;83;5;0;0;0;0;0;0;253;0;0;2;549;42;0;13;2;0;0;0;0;18;0;916;0;0;0;0;0;0;0;0;0;0;0;0;0;81;0;0;0;0;0;0;0;0;0;0;0;0;0;0;0;5;0;0;0;0;0;0;0;0;915;0;2;4983;948
21/02/2026;0;0;0;0;0;0;0;0;0;0;0;0;0;0;0;0;0;0;0;0;1;0;783;0;0;0;0;0;0;0;0;0;972;0;0;0;0;0;0;0;0;0;0;0;0;0;0;0;6;0;1121;0;0;0;0;0;0;0;0;0;0;1329;0;0;0;0;1001;2;0;0;0;0;0;0;246;0;0;0;561;6;0;0;0;0;0;0;0;0;0;983;0;0;0;0;0;0;0;0;0;0;0;0;5;847;0;0;0;0;0;0;3;0;0;0;0;0;0;0;0;0;0;0;0;0;0;0;0;0;967;0;8;6004;1421
20/02/2026;0;0;0;0;0;0;0;0;0;0;0;0;0;0;0;0;0;0;6;0;60;0;602;0;0;0;0;0;0;0;0;0;1100;0;0;0;0;0;1;0;0;0;0;0;0;0;0;0;7;0;1059;0;0;0;0;0;0;0;0;0;0;1369;0;5;0;0;1254;17;0;0;0;0;1;0;272;0;0;0;554;37;0;0;31;0;0;0;0;0;0;1093;0;0;1;0;0;0;0;0;0;0;0;0;676;245;0;0;0;0;0;0;1;2;0;0;0;0;0;0;0;11;0;0;0;0;0;0;1;0;1076;0;8;5980;1207
19/02/2026;0;0;0;0;0;0;0;0;0;0;0;0;0;0;0;0;0;0;0;0;689;0;0;0;0;0;0;0;2;0;0;0;1080;0;0;0;0;0;0;0;0;0;0;0;0;0;0;1;253;0;745;0;0;0;0;0;0;0;0;0;1;252;0;1178;0;0;86;1139;0;0;0;0;3;2;248;0;0;21;469;0;0;0;35;0;0;0;0;0;372;608;0;0;1;0;2;0;0;0;0;0;0;0;955;0;0;0;0;0;0;0;2;0;0;0;0;0;0;0;0;0;0;0;0;0;0;0;138;6;850;4;0;5222;1254
18/02/2026;0;0;0;0;0;0;0;0;0;0;0;3;0;3;0;0;0;0;8;0;863;0;0;0;0;0;0;0;37;0;0;0;970;0;0;0;0;0;0;0;0;0;0;0;0;0;0;3;984;0;0;0;0;0;0;0;0;0;0;0;1;0;0;1236;0;0;1;1224;0;0;0;0;1;178;63;0;0;76;524;0;0;0;0;0;0;0;0;1;814;0;0;0;0;0;8;0;0;0;0;0;0;0;769;0;0;0;0;0;0;0;87;0;0;0;0;0;0;0;0;0;0;7;0;0;0;0;0;1;584;250;2;5524;972
13/02/2026;0;0;0;0;0;0;0;0;0;0;0;0;0;0;0;0;0;0;101;0;685;0;0;0;0;0;0;0;1087;0;0;0;0;0;0;0;0;0;0;0;0;0;0;0;0;0;0;4;1049;0;1;0;0;0;0;0;1;0;0;0;0;0;0;1132;0;0;0;1259;0;0;0;0;0;270;0;0;1;77;549;0;0;0;0;0;0;0;0;369;471;0;0;0;1;0;0;0;0;0;0;0;0;0;0;0;0;0;0;0;0;0;1136;1;0;0;0;0;0;0;0;0;0;0;0;0;0;0;0;0;4;370;851;6372;1247
12/02/2026;0;0;0;0;0;0;0;0;0;0;0;0;0;0;0;0;0;0;804;0;1;0;0;0;0;0;0;0;1107;0;0;0;0;0;0;0;0;0;3;0;0;0;0;0;0;0;0;614;176;0;1;0;0;0;0;0;0;0;0;0;4;0;0;1115;0;0;0;1185;0;0;0;0;0;173;102;0;1;82;540;0;0;0;0;0;0;0;0;663;0;1;0;0;3;0;8;0;0;0;0;0;0;0;0;0;0;0;0;0;0;0;1094;10;0;0;0;0;0;0;2;4;0;2;0;0;0;0;1;4;1;0;1026;5641;1151
11/02/2026;0;0;58;0;0;0;0;0;0;0;0;2;0;2;0;0;0;0;717;0;0;0;0;0;0;0;0;0;891;0;0;0;0;0;0;0;0;0;3;0;0;0;0;0;0;0;0;641;0;0;0;0;0;0;0;0;1;0;0;0;5;0;0;184;0;0;0;681;0;0;0;0;0;0;243;0;11;65;488;0;0;0;0;0;0;0;0;529;0;0;0;0;417;0;12;0;0;0;0;0;0;0;0;0;0;0;0;0;0;0;644;407;0;0;0;0;1;0;127;959;0;0;0;0;0;0;0;0;2;0;1090;6033;1118
10/02/2026;0;0;947;0;0;0;0;0;0;0;0;0;0;1;0;0;0;0;644;0;0;0;3;0;0;0;0;0;1075;0;0;0;0;0;0;0;0;4;130;0;0;0;0;0;0;0;0;934;0;0;0;0;0;1;0;0;0;0;0;0;0;0;0;0;0;0;0;0;0;0;0;0;0;0;276;0;533;72;14;0;0;0;0;0;0;0;0;871;0;3;0;0;0;0;37;0;0;0;0;0;0;0;1;0;0;0;0;2;0;0;0;0;0;0;0;0;3;0;1316;1424;0;0;0;0;0;0;0;1;0;0;1284;5673;1314
09/02/2026;0;0;973;0;0;0;0;0;0;0;0;0;0;67;0;0;0;0;0;0;0;0;0;0;0;0;0;0;1042;0;7;0;0;0;0;0;0;3;937;0;0;0;0;0;2;0;1;0;0;0;1;0;0;1;0;0;2;0;0;0;0;1;0;0;0;0;0;3;0;0;0;0;70;0;166;0;511;32;10;0;0;0;0;0;0;0;0;838;0;0;0;0;1;0;895;0;0;0;0;0;0;0;0;0;0;0;0;0;0;0;0;0;0;0;0;0;900;1;455;1411;0;0;0;0;0;0;0;3;0;0;1270;5404;1028
07/02/2026;0;0;900;0;0;0;0;0;0;0;0;0;0;0;0;0;0;0;0;0;0;0;0;0;0;0;0;0;0;0;0;0;0;0;0;0;0;0;1031;0;0;0;0;0;0;0;0;0;0;0;0;0;0;9;0;0;0;0;0;0;0;0;0;0;0;0;0;0;0;0;0;0;243;0;0;0;22;12;549;0;0;0;0;0;0;0;0;769;0;0;0;0;0;0;0;0;0;0;0;0;0;0;0;0;0;0;0;0;0;0;0;0;0;0;0;0;1255;1;0;1315;0;11;0;0;0;0;1;157;0;0;975;5209;1183
06/02/2026;0;0;950;0;0;0;0;0;0;0;0;15;0;530;0;0;0;0;0;0;0;0;0;0;0;0;0;0;0;0;0;0;0;0;0;0;0;65;953;0;0;0;0;0;4;0;0;0;0;0;5;0;0;178;0;0;0;0;0;0;0;0;0;2;0;0;0;0;0;0;0;0;285;0;0;0;0;83;526;0;0;0;0;0;0;0;0;787;5;0;0;0;0;0;1469;0;0;0;0;0;0;0;0;0;0;0;70;33;0;0;0;0;0;0;0;0;1002;48;0;168;0;1073;0;0;0;0;2;1175;0;0;0;5701;1287
05/02/2026;0;0;793;0;0;0;0;0;0;0;0;348;0;219;0;0;0;0;0;0;0;0;0;0;0;0;0;0;0;0;0;0;0;0;0;0;0;1058;0;0;0;0;0;0;0;0;0;0;0;0;1;0;0;1279;0;1;4;0;0;0;0;0;0;0;0;0;0;7;0;0;0;0;433;0;77;0;0;69;1088;0;0;0;0;0;0;0;0;453;0;0;0;0;0;0;1463;0;0;0;0;0;0;0;0;0;0;0;0;825;0;0;0;0;0;0;0;0;0;0;0;0;0;111;0;0;0;0;180;513;0;2;0;5784;1233
04/02/2026;0;0;959;0;0;0;0;0;0;0;0;496;0;0;0;0;0;0;0;0;0;0;0;0;0;0;0;0;0;0;0;0;0;0;0;0;0;830;2;0;0;0;0;0;80;0;0;0;0;0;6;0;0;1063;0;99;0;0;0;0;0;3;0;5;0;0;0;0;0;0;0;0;0;0;536;0;2;0;1252;0;0;0;0;0;0;0;0;408;0;11;0;0;0;0;1440;0;0;0;0;0;0;0;2;0;0;0;0;0;0;0;0;0;0;0;0;0;0;0;0;2;0;1414;0;0;0;0;608;0;0;0;1;5998;1239
03/02/2026;0;0;738;0;0;0;0;0;0;0;0;510;0;1;0;0;0;0;0;0;0;0;0;0;0;0;0;0;0;0;0;0;0;0;0;0;0;0;0;0;0;0;0;0;842;251;0;0;0;0;0;0;0;1313;0;0;1;0;0;0;0;0;0;49;0;0;0;0;0;0;0;0;0;0;546;0;9;0;1159;0;0;0;0;0;0;0;0;5;0;450;0;0;0;0;1468;0;0;0;0;0;0;0;97;0;0;0;0;0;0;0;0;0;0;0;0;0;0;0;0;0;0;1216;0;0;0;0;682;0;0;2;0;6146;1128
02/02/2026;0;0;1;0;0;0;0;0;0;0;0;426;0;2;0;0;0;0;1;0;2;0;0;0;0;0;0;0;67;0;0;0;0;0;0;0;0;0;0;0;0;0;0;0;0;640;203;0;0;0;113;0;0;888;0;0;291;0;0;0;0;4;0;1047;0;0;0;0;0;0;0;0;0;0;546;0;1137;0;104;0;0;0;0;0;0;0;0;1;0;413;0;0;0;0;1181;0;0;0;0;0;0;0;666;0;0;0;0;0;0;0;0;0;0;0;0;0;2;0;1;1;0;1;0;0;0;0;453;0;0;126;0;5196;973
30/01/2026;0;0;0;0;0;0;0;0;0;0;0;0;0;0;0;0;0;0;0;0;0;0;0;0;0;0;0;0;836;0;3;0;3;0;0;0;0;0;0;0;0;0;0;0;0;0;0;0;0;0;1169;0;0;89;0;0;913;0;0;0;0;2;0;1286;0;0;0;1;0;0;0;0;0;0;503;0;1218;0;5;0;0;0;0;0;0;0;0;0;0;422;0;0;0;0;962;0;0;0;0;0;0;0;966;0;0;0;0;0;0;0;0;0;0;0;0;0;3;0;0;0;0;6;0;0;0;0;0;0;0;576;0;5531;1140
29/01/2026;0;0;0;0;0;0;0;0;0;0;0;0;0;0;0;0;0;0;0;0;0;0;0;0;0;0;0;0;1084;0;0;0;14;0;0;0;0;0;0;0;0;0;0;0;0;0;0;0;0;0;1177;0;0;839;0;0;0;0;0;0;0;13;0;914;0;0;0;0;0;0;0;0;0;0;514;0;1172;0;3;0;0;0;0;0;0;0;0;1;0;468;0;0;0;0;912;0;0;0;0;0;0;0;1402;0;0;0;0;0;0;0;0;0;0;0;0;0;152;0;0;0;0;0;0;0;0;0;0;0;5;665;0;5667;1342
28/01/2026;0;0;0;0;0;0;0;0;0;0;0;0;0;0;0;0;0;0;0;0;0;0;0;0;0;0;0;0;1147;0;0;0;3;0;0;0;0;0;0;0;0;0;0;0;0;0;0;0;0;0;1168;0;0;0;0;0;0;0;0;0;0;902;0;37;0;0;0;0;0;0;0;0;0;0;529;0;1061;0;157;0;0;0;0;0;0;0;0;0;0;438;0;0;0;0;878;0;0;0;0;0;0;0;1361;0;0;0;0;0;0;0;0;0;0;0;0;0;1056;1;0;1;0;0;0;0;0;0;0;0;533;54;0;5719;1228
27/01/2026;0;0;0;0;0;0;0;0;0;0;0;0;0;0;0;0;0;0;0;0;0;0;0;0;0;0;0;0;1102;0;0;0;1;0;0;0;0;0;0;0;0;0;0;2;0;0;0;0;7;0;1144;0;0;0;0;0;0;0;0;0;0;833;0;0;0;0;0;0;0;0;0;0;0;0;513;0;2;0;1217;0;0;0;0;0;0;0;0;1;2;455;0;0;0;0;875;0;0;0;0;0;0;0;1261;0;0;0;0;0;0;0;0;0;0;0;0;0;1191;0;0;74;0;2;0;0;0;0;0;0;697;0;0;5673;1134
26/01/2026;0;0;0;0;0;0;0;0;0;0;0;0;0;0;0;0;0;0;20;0;17;0;0;0;0;0;0;0;1014;0;52;0;14;0;0;0;0;0;0;0;0;0;0;0;0;0;0;0;1;0;1027;0;0;0;0;0;0;0;0;0;0;1;0;0;0;0;0;0;0;0;0;0;0;0;535;0;0;0;1219;0;0;0;0;0;0;0;0;1;3;411;0;0;0;0;840;0;0;0;0;0;0;0;1202;0;0;0;0;0;0;0;0;0;0;0;0;0;1192;0;0;1027;0;163;0;0;0;0;0;1;631;0;0;5626;1087
24/01/2026;0;0;0;0;0;0;0;0;0;0;0;0;0;0;0;0;0;0;0;0;0;0;0;0;0;0;0;0;0;0;0;0;0;0;0;0;0;1;1;0;0;0;0;0;0;0;0;0;2;0;921;0;0;0;0;0;0;0;0;0;0;0;0;0;0;0;0;0;0;0;0;0;0;0;488;0;77;0;1048;0;0;0;0;0;0;0;0;64;0;350;0;0;0;0;0;0;0;0;0;0;0;0;995;0;0;0;0;0;0;0;0;0;0;0;0;0;1016;1;0;3;0;1017;0;0;0;0;0;0;600;0;0;4970;834
23/01/2026;0;0;0;0;0;0;0;0;0;0;0;0;0;0;0;0;0;0;0;0;2;0;0;0;0;0;0;0;0;0;1135;0;0;0;0;0;0;0;5;0;0;0;0;0;0;0;0;2;2;0;896;0;0;0;0;0;0;0;0;0;0;0;0;0;0;0;0;0;0;0;0;0;1;0;513;0;1196;0;1;0;0;0;0;0;0;0;0;57;0;403;0;0;0;0;871;0;0;0;0;0;0;0;635;489;0;0;3;0;0;0;0;1;0;0;0;0;1291;0;3;1073;0;84;0;0;0;0;0;0;626;0;0;5546;997
22/01/2026;0;0;0;0;0;0;0;0;0;0;0;0;0;0;0;0;0;0;1;0;97;0;4;0;0;0;0;0;0;0;1077;0;7;0;0;0;0;0;0;0;0;0;0;0;0;0;0;6;1080;0;188;0;0;0;0;0;2;0;0;0;0;0;0;0;0;0;0;0;0;0;0;0;0;0;531;0;1143;25;36;0;0;0;0;0;0;0;0;0;0;503;0;0;0;0;733;0;0;0;0;0;0;0;0;978;0;0;0;1;0;0;1;100;0;0;0;0;1048;0;13;1086;0;11;0;0;0;0;0;0;504;0;0;5770;1060
21/01/2026;0;0;0;0;0;0;0;0;0;0;0;0;0;0;0;0;0;0;2;0;599;0;112;0;0;0;0;0;0;0;981;0;0;0;0;0;0;0;2;0;0;0;0;0;0;0;0;923;234;0;3;0;0;143;0;0;141;0;0;0;0;5;0;6;0;0;0;0;0;0;0;0;0;1;251;0;0;54;490;0;0;0;0;0;0;0;0;1;3;986;0;0;0;0;0;0;0;0;0;0;0;0;0;0;0;0;2;0;0;0;2;944;0;0;0;0;3;2;650;978;0;12;0;0;0;0;0;0;964;0;0;6004;1033
20/01/2026;0;0;0;0;0;0;0;0;1;0;0;0;0;0;0;0;0;0;3;0;0;0;814;0;0;0;0;0;0;0;971;0;71;0;0;0;0;0;1;0;0;0;0;0;0;0;0;1203;0;0;2;0;0;0;0;0;0;0;0;0;0;139;0;138;0;0;0;1;0;0;0;0;0;0;266;0;0;42;585;0;1;0;0;0;0;0;0;0;71;870;0;0;0;0;0;0;0;0;0;0;0;0;0;0;0;0;131;0;0;0;0;960;0;0;0;0;0;91;969;571;0;0;0;0;0;0;1;1;974;0;0;5703;1229
19/01/2026;0;0;0;0;0;0;0;0;0;0;0;0;0;0;0;0;0;0;29;0;0;0;732;0;0;0;0;0;0;0;0;0;881;0;0;0;0;1;2;0;0;0;0;0;0;1;0;1156;0;0;1;0;0;0;0;0;0;0;0;0;0;0;0;0;0;0;0;7;0;0;0;0;0;0;257;0;0;68;491;1;0;0;1;0;0;0;0;1;1037;4;0;0;0;0;0;0;0;0;0;0;0;0;0;0;0;0;1115;1;0;0;1;1138;0;0;0;0;2;696;338;0;0;2;0;0;0;0;3;0;1051;0;2;5257;985
17/01/2026;0;0;1;0;0;0;0;0;0;0;0;0;0;0;0;0;0;0;0;0;0;0;0;0;0;0;0;0;0;0;0;0;0;0;0;0;0;0;112;0;0;0;0;0;0;0;0;983;0;0;0;0;0;0;0;0;0;0;0;0;0;0;0;0;0;0;0;0;0;0;0;0;0;0;0;0;0;0;0;0;0;0;0;0;0;0;0;14;342;0;0;0;1;0;0;0;0;0;0;0;0;0;0;0;0;0;1115;0;0;0;1;1111;0;0;0;0;6;0;959;0;0;4;0;0;0;0;245;0;356;3;6;3838;919
16/01/2026;0;0;0;0;0;0;0;0;0;0;0;2;0;5;0;0;0;0;843;0;0;0;0;0;0;0;0;0;0;0;0;0;981;0;0;0;0;0;998;0;0;0;0;0;0;0;0;0;0;0;5;0;0;0;0;0;0;0;0;0;0;0;0;0;0;0;0;0;0;0;0;0;0;2;242;0;0;29;461;4;0;0;22;0;0;0;0;130;801;0;0;0;0;0;0;0;0;0;0;0;0;0;0;0;0;0;1076;1;0;0;2;1129;0;0;0;0;242;0;829;0;0;0;0;0;0;0;0;0;413;0;525;5057;1134
15/01/2026;0;0;1;0;0;0;0;0;0;0;0;0;0;10;0;0;0;0;800;0;0;0;0;0;0;0;0;0;6;0;0;0;1035;0;0;0;0;0;985;0;0;0;0;0;0;0;0;0;0;0;1;0;0;0;0;0;0;0;0;0;3;0;0;0;0;0;0;1;0;0;0;0;0;12;286;0;1;0;416;66;0;0;3;0;0;0;0;1001;0;1;0;0;1;0;0;0;0;0;0;0;0;0;0;0;0;0;1101;49;0;0;293;840;0;0;0;0;1105;0;0;1;0;4;0;0;0;0;3;0;1;0;986;5432;1228
14/01/2026;0;0;0;0;0;0;0;0;0;0;0;0;0;7;0;0;0;0;867;0;0;0;0;0;0;0;0;0;0;0;0;0;891;0;0;0;0;3;963;0;0;0;0;0;0;0;0;0;0;0;1;0;0;0;0;0;0;0;0;0;134;0;0;0;0;0;0;0;0;0;0;0;0;271;0;0;2;0;396;38;0;0;0;0;0;0;0;979;0;2;0;0;0;0;0;0;0;0;0;0;0;0;0;0;0;0;0;976;0;0;1136;0;0;0;0;0;749;0;0;111;0;0;0;0;0;0;0;0;2;0;1009;5341;1137
13/01/2026;0;0;0;0;0;0;0;0;0;0;0;0;0;35;0;0;0;0;670;0;0;0;0;0;0;0;0;0;0;0;0;0;910;0;0;0;0;192;858;0;0;0;0;0;0;0;0;0;0;0;1;0;0;0;0;0;0;0;0;0;1101;0;0;0;0;0;0;1;0;0;0;0;6;355;0;0;14;0;498;0;0;0;0;0;0;0;0;976;0;0;0;0;124;0;19;0;0;0;0;0;0;0;0;0;0;0;0;0;0;0;1121;0;0;0;0;0;0;0;0;1130;0;0;0;0;0;0;1;0;3;0;1025;5516;1212
12/01/2026;0;0;0;0;0;0;0;0;0;0;0;7;0;571;0;0;0;0;0;0;0;0;0;0;0;0;0;0;53;0;0;0;722;0;0;0;0;974;0;0;0;0;0;0;0;1;0;2;0;0;0;0;0;0;0;0;0;0;0;0;0;0;0;0;0;0;0;87;0;0;0;0;340;5;0;0;530;0;28;0;0;0;0;0;0;0;0;842;0;1;0;0;1076;0;1;0;0;0;0;0;0;0;0;0;0;0;0;0;0;0;1111;0;0;0;0;0;0;0;0;1129;0;0;0;0;0;0;112;0;0;0;956;5449;969
10/01/2026;0;0;65;0;0;0;0;0;0;0;0;0;0;0;0;0;0;0;0;0;0;0;0;0;0;0;0;0;0;0;0;0;0;0;0;0;0;904;0;0;0;0;0;0;0;100;0;0;0;0;1;0;0;0;0;0;0;0;0;0;0;0;0;0;0;0;1;1079;0;0;0;0;318;0;1;0;496;0;0;0;0;0;0;0;0;0;0;2;0;0;0;0;0;0;0;0;0;0;0;0;0;0;0;0;0;0;0;0;0;0;920;0;0;0;0;0;0;0;0;1050;0;8;0;0;0;0;757;0;0;3;742;5113;983
09/01/2026;0;0;915;0;0;0;0;0;0;0;0;456;0;111;0;0;0;0;0;0;0;0;0;0;0;0;0;0;991;0;0;0;0;0;0;0;0;0;0;0;0;0;0;0;1;815;237;0;0;0;0;0;0;0;0;0;0;0;0;0;0;0;0;0;0;0;1;1295;0;0;0;0;335;0;5;0;494;0;0;0;0;0;0;0;0;0;0;0;0;0;0;0;0;0;1;0;0;0;0;0;0;0;0;0;0;0;0;0;0;0;0;0;0;0;0;0;0;0;0;323;0;1101;0;0;0;0;844;15;0;225;669;5599;1053
08/01/2026;0;0;936;0;0;0;0;0;0;0;0;414;0;0;0;0;0;0;0;0;0;0;0;0;0;0;0;0;1022;0;0;0;0;0;0;0;0;0;0;0;0;0;0;0;700;0;226;0;0;0;96;0;0;0;0;0;0;0;0;0;0;0;0;0;0;0;55;1220;0;0;0;0;281;0;82;0;535;0;1;0;0;0;0;0;0;0;0;0;0;0;0;0;0;0;65;0;0;0;0;0;0;0;0;0;0;0;0;0;0;0;0;0;0;0;0;0;0;0;0;0;0;1369;0;0;0;0;656;10;3;983;0;6162;1124
07/01/2026;0;0;855;0;0;0;0;0;0;0;0;0;0;0;0;0;0;0;0;0;0;0;0;0;0;0;0;0;1154;0;0;0;0;0;0;0;0;0;0;0;0;0;0;0;0;0;0;0;0;0;985;0;0;0;0;0;0;0;0;0;0;0;0;0;0;0;1181;0;0;0;0;0;0;0;304;0;413;0;67;0;0;0;0;0;0;0;0;12;0;0;0;0;0;0;790;0;0;0;0;0;0;0;0;0;0;0;0;0;0;0;0;0;0;0;0;0;0;0;0;0;0;1243;0;0;0;0;66;541;0;844;0;5968;1125
06/01/2026;0;0;899;0;0;0;0;0;2;0;0;0;0;0;0;0;0;0;0;0;0;0;0;0;0;0;0;0;1059;0;0;0;0;0;0;0;0;0;0;0;0;0;0;0;0;0;0;0;0;0;957;0;0;0;0;0;0;0;0;0;0;0;0;0;0;0;1155;0;0;0;0;0;0;0;347;0;0;0;544;0;0;0;0;0;0;0;0;179;0;0;0;0;0;0;858;0;0;0;0;0;0;0;0;0;0;0;0;0;0;0;0;0;0;0;0;0;0;0;0;0;0;1307;0;0;0;0;0;563;0;671;0;6491;982
05/01/2026;0;0;833;0;0;0;0;0;117;0;0;0;0;0;0;0;0;0;0;0;0;0;0;0;0;0;0;0;1001;0;0;0;0;0;0;0;0;0;0;0;0;0;0;0;0;0;0;0;0;0;873;0;0;0;0;0;0;0;0;0;0;0;0;0;0;0;950;0;0;0;0;0;0;0;222;0;0;0;413;0;0;0;0;0;0;0;0;624;0;0;0;0;0;0;777;0;0;0;0;0;0;0;0;0;0;0;0;0;0;0;0;0;0;0;0;0;0;0;0;0;0;1238;0;0;0;0;0;436;0;0;0;5124;784
19/12/2025;0;0;908;0;0;3;0;0;1234;3;0;0;0;0;0;0;0;0;0;0;0;0;0;0;0;0;0;0;1056;0;4;0;0;0;0;0;0;0;0;0;0;0;0;0;1;0;4;0;0;0;899;0;0;0;0;0;0;0;0;0;0;0;0;0;0;0;0;0;0;0;0;0;0;0;289;0;90;0;445;0;0;0;3;0;0;0;0;936;0;23;0;0;0;0;880;0;0;0;0;0;0;0;1;0;0;0;1;0;0;0;0;0;0;0;0;0;0;0;0;0;5;1292;0;0;0;0;19;837;0;0;0;6257;1127
18/12/2025;0;0;627;0;0;584;0;0;525;0;0;0;0;0;0;0;0;0;0;0;0;0;0;0;0;0;0;0;1064;0;0;0;0;0;0;0;0;0;0;0;0;0;0;0;0;0;8;0;0;0;1080;0;0;0;0;0;0;0;0;0;0;0;0;0;0;0;0;0;0;0;0;0;0;0;306;0;504;0;0;0;0;0;42;0;0;0;0;1180;0;2;0;0;0;0;799;0;0;0;0;0;0;0;14;1;0;0;0;0;0;0;0;0;0;0;0;0;0;0;0;1;10;1093;0;0;0;0;185;778;0;0;0;6553;1105
17/12/2025;0;0;0;0;0;32;0;1;458;576;0;0;0;0;0;0;0;0;0;0;0;0;0;0;0;0;0;0;1073;0;0;0;0;0;0;0;0;0;0;0;0;0;0;0;0;0;0;0;0;0;764;0;0;0;0;0;0;0;0;0;0;0;0;0;0;0;0;0;0;0;0;0;0;0;308;2;434;0;1;0;0;0;19;0;0;0;0;248;0;681;0;0;0;0;837;0;0;0;0;0;0;0;710;1;0;0;0;0;0;0;0;0;0;0;0;0;0;0;0;146;226;810;0;0;0;0;687;0;0;0;2;6050;1162
16/12/2025;0;0;0;0;0;0;0;71;6;1271;1;0;0;0;0;0;0;0;8;0;2;0;4;0;0;0;0;0;1187;0;3;0;1;0;0;0;0;0;0;0;0;0;1;0;0;0;0;0;411;0;764;0;0;0;0;0;0;0;0;0;0;0;0;0;0;0;0;0;0;0;0;0;0;0;311;0;472;0;1;0;0;0;0;0;0;0;0;1;1;1347;0;0;0;0;862;0;0;0;0;0;0;0;851;144;0;0;0;0;0;0;0;0;1;0;0;0;0;0;0;1176;0;0;0;0;0;0;787;0;0;0;115;6316;1259
15/12/2025;0;0;0;0;0;11;0;941;1226;54;0;0;0;0;0;0;0;0;1;0;0;0;0;0;0;0;0;0;1107;0;1;0;0;0;0;0;0;0;0;0;0;0;0;1;0;0;0;0;0;0;1147;0;0;0;0;0;0;0;0;0;0;0;0;0;0;0;0;0;0;0;0;0;0;1;352;2;357;0;192;0;0;0;0;0;0;0;0;201;0;1175;0;0;0;0;892;0;0;0;0;0;0;0;1064;333;0;0;1;0;0;0;0;0;0;0;0;0;0;0;1;1;0;0;0;0;0;0;2;0;0;0;845;5962;1033
13/12/2025;0;0;0;0;0;1173;0;900;37;0;1;1;0;0;0;0;0;0;3;0;0;0;0;0;0;0;0;0;1131;0;0;0;0;0;0;0;0;0;0;0;0;0;0;1;0;0;0;1;0;0;1116;0;0;0;0;0;0;0;0;1;3;0;0;0;0;0;0;0;0;0;0;0;1;8;373;24;0;0;533;0;0;0;0;0;0;0;0;748;2;443;0;0;0;0;844;0;0;0;0;0;0;0;934;0;0;0;23;0;0;0;0;0;0;0;0;0;2;0;149;1;0;0;0;0;0;0;0;0;6;1;789;6299;1122
12/12/2025;0;0;0;0;0;161;0;903;925;0;1;0;0;0;0;0;0;0;74;0;0;0;0;0;0;0;0;0;1131;0;72;0;0;0;0;0;0;0;0;0;0;0;1;0;0;0;0;106;0;0;999;0;0;0;0;0;0;0;0;1;119;0;0;0;0;0;0;0;0;0;0;0;0;166;129;385;0;0;51;0;1;0;0;0;0;0;0;119;1;1165;0;0;0;0;724;0;0;0;0;0;0;0;0;0;0;0;0;0;0;0;0;0;4;0;0;0;114;0;1323;3;0;0;0;0;0;0;1;1;12;0;885;6431;1378
11/12/2025;0;0;0;0;0;1;0;222;0;0;650;0;0;0;0;0;0;0;770;0;0;0;0;0;0;0;0;0;0;0;1199;0;1;0;0;0;0;0;0;0;0;0;98;3;1;0;0;2;6;0;969;0;0;0;0;0;0;0;0;0;1227;0;0;0;0;0;2;1;0;0;0;0;0;351;1;512;1;1;0;22;4;0;0;0;0;0;0;1;288;802;0;0;0;0;0;0;0;0;0;0;0;0;0;0;0;0;108;0;0;0;0;0;2;0;0;0;1412;1;0;1;0;0;0;0;0;0;0;2;569;0;177;6390;1200
10/12/2025;0;0;0;0;0;7;0;0;0;0;2;0;0;0;9;0;0;0;882;0;0;0;8;0;0;0;0;0;0;0;1190;0;0;0;0;0;0;2;0;0;0;0;411;609;0;0;0;8;2;0;133;0;0;0;0;0;0;0;1;2;1244;0;0;0;0;0;0;0;0;0;0;0;0;269;0;358;0;15;13;10;30;0;0;0;0;0;0;0;1247;0;0;0;0;0;1;0;0;0;0;0;0;0;0;0;0;0;1208;0;0;0;0;0;12;0;0;0;903;1;0;130;0;0;0;0;0;0;4;8;890;5;0;6322;1332
09/12/2025;0;0;0;0;0;2;0;0;0;0;3;0;0;0;0;0;0;0;843;0;0;0;4;0;0;0;0;0;1;0;1055;0;80;0;0;0;0;0;1;0;0;0;0;0;0;0;0;7;440;0;670;0;0;3;0;0;4;0;1;6;1340;5;0;4;0;0;0;7;0;0;0;0;3;311;1;0;0;99;458;0;0;0;0;0;0;0;0;1;1170;4;0;0;0;0;1;0;0;0;0;0;0;0;0;0;0;0;0;0;0;0;0;0;0;0;0;0;597;302;36;1420;0;0;0;0;0;0;136;0;969;0;7;6279;1192
08/12/2025;0;0;0;0;0;122;0;1;0;0;78;1;0;0;0;0;0;0;765;0;0;0;81;0;0;0;0;0;0;0;0;0;1110;0;0;0;0;0;0;0;0;0;0;0;0;0;0;491;552;0;1;0;0;5;0;9;4;0;1;651;496;4;0;4;0;0;3;3;0;0;0;0;167;96;4;0;0;31;551;0;0;0;0;0;0;0;0;0;0;0;0;0;80;0;0;0;0;0;0;0;0;0;0;0;0;0;0;0;0;0;0;0;7;1;0;0;0;0;792;1204;0;0;0;0;0;0;1138;0;222;5;924;5296;1033
06/12/2025;0;0;0;0;0;1363;0;0;0;0;885;3;0;0;0;0;0;0;0;0;0;0;794;0;0;0;0;0;0;0;0;0;1066;0;0;0;0;0;0;0;0;0;0;0;0;0;0;1117;0;0;0;0;0;0;0;0;0;0;0;0;0;0;0;0;0;0;120;3;0;0;0;0;433;0;3;0;0;0;1038;0;0;1;0;0;0;0;0;0;0;0;0;0;1126;0;0;0;0;0;0;0;0;0;0;0;0;0;0;0;0;0;0;1;0;0;0;0;0;0;0;0;0;0;0;0;0;0;514;0;0;141;371;6135;1237
05/12/2025;0;0;0;0;0;1215;239;1;0;0;928;24;0;0;0;0;0;0;0;0;1;0;775;0;0;0;0;0;0;0;0;0;1116;0;0;0;0;0;0;0;0;0;0;0;89;0;10;966;0;0;0;0;0;0;0;0;0;0;0;0;0;0;0;0;0;0;864;517;0;0;0;0;357;0;167;0;0;2;1176;0;0;33;0;0;0;0;0;0;0;1;0;0;0;0;1;0;0;0;0;0;0;0;0;0;0;0;0;0;0;0;0;1;1;0;0;0;0;0;0;0;0;0;0;0;0;0;548;1;0;546;0;6454;1257
04/12/2025;0;0;0;0;0;1368;0;2;0;0;784;369;0;0;0;0;0;0;0;0;0;0;0;0;0;0;0;0;0;0;0;0;1095;0;0;0;0;0;0;0;0;0;0;0;718;0;189;0;0;0;0;0;0;0;0;0;0;0;0;0;0;0;0;0;0;0;1;1170;0;0;0;0;0;0;496;0;0;0;971;0;0;161;0;0;0;0;0;0;0;2;0;0;0;0;39;0;0;0;0;0;0;0;0;0;0;0;0;0;0;0;0;0;72;2;0;0;0;0;0;3;0;0;0;0;0;0;543;6;1;561;2;6777;1121
03/12/2025;0;0;0;0;0;1354;0;68;1;0;0;0;0;0;0;0;0;0;0;0;0;0;0;0;0;0;0;0;0;0;0;0;1080;0;0;0;0;0;0;0;0;0;0;0;1;0;1076;0;0;0;0;0;0;0;0;0;0;0;0;0;0;0;0;0;0;0;0;1180;0;0;0;0;0;0;479;0;0;2;890;0;0;161;0;0;0;0;0;0;0;0;0;0;0;0;840;0;0;0;0;0;0;0;0;0;0;0;0;0;0;0;0;114;162;670;0;0;0;0;0;0;0;0;0;0;0;0;150;406;0;558;1;6775;1170
02/12/2025;0;0;0;0;0;1299;0;972;0;0;0;0;0;0;0;0;0;0;0;0;0;0;0;0;0;0;0;0;2;0;0;0;1019;0;0;0;0;0;0;0;0;0;0;0;0;0;1077;0;0;0;0;0;0;0;0;0;0;0;0;0;0;0;0;0;0;0;0;0;0;0;0;0;0;0;452;0;768;1;156;0;0;121;0;0;0;0;0;1;0;4;0;0;0;0;937;0;0;0;0;0;0;0;0;0;0;0;0;0;0;0;0;1432;0;0;0;0;0;0;0;0;0;0;0;0;0;0;1;571;0;559;5;6400;1169
01/12/2025;0;0;0;0;0;1192;0;808;12;1;0;0;0;0;0;0;0;0;0;0;0;0;0;0;0;0;0;0;2;0;1;0;1006;0;0;0;0;0;0;0;0;0;0;0;0;0;876;0;0;0;0;0;0;0;0;0;0;0;0;0;0;0;0;0;0;0;0;0;0;0;0;0;0;0;450;0;0;0;895;0;0;123;0;0;0;0;0;0;0;146;0;0;0;0;743;0;0;0;0;0;0;0;3;0;0;0;3;2;0;0;760;571;0;0;0;0;2;0;0;139;1;0;0;0;0;0;0;327;93;412;2;5603;1113
28/11/2025;0;0;0;0;0;1490;0;0;7;0;0;0;0;0;0;0;0;0;0;0;0;0;0;0;0;0;0;0;905;0;0;0;139;0;0;0;0;0;0;0;0;0;0;0;0;0;0;0;0;0;0;0;0;0;0;0;0;0;0;0;0;0;0;0;0;0;0;0;0;0;0;0;0;0;675;1;0;1;1057;0;0;0;0;0;0;0;0;0;0;653;0;0;0;0;897;0;0;0;0;0;0;0;0;0;0;0;0;0;0;0;927;1;0;0;0;0;0;0;0;1381;0;0;0;0;0;0;0;0;851;448;1;6081;1674
27/11/2025;0;0;0;0;0;682;0;0;909;1;0;0;0;0;0;0;0;0;0;0;0;0;2;0;0;0;0;0;1182;0;0;0;0;0;0;0;0;0;0;0;0;0;0;0;0;0;0;0;0;0;0;0;0;0;0;0;0;0;0;0;0;0;0;0;0;0;0;0;0;0;0;0;1;0;686;66;2;13;980;0;0;0;0;0;0;0;0;1;0;688;0;0;0;0;851;0;0;0;0;0;0;0;0;0;0;0;0;0;0;0;935;0;0;0;0;0;0;0;0;1403;0;0;0;0;0;0;0;0;925;423;18;6171;1698
26/11/2025;0;0;1;0;0;0;0;0;1504;5;0;0;0;0;0;0;0;0;0;0;0;0;0;0;0;0;0;0;1183;0;0;0;0;0;0;0;0;0;0;0;0;0;0;0;0;0;0;0;0;0;0;0;0;0;0;0;0;0;0;0;0;0;0;0;0;0;0;0;0;0;0;0;0;47;581;529;254;69;113;0;0;0;0;0;0;0;0;3;0;616;0;0;0;0;834;0;0;0;0;0;0;0;0;0;0;0;0;0;0;0;718;227;0;0;0;0;0;0;0;1313;0;1;0;0;0;0;0;0;850;0;503;6145;1556
25/11/2025;0;0;74;0;0;1;0;0;1488;6;0;0;0;0;0;0;0;0;1;0;0;0;1;0;0;0;0;0;1183;0;0;0;0;0;0;0;0;0;1;0;0;0;0;1;2;0;0;0;0;0;0;0;0;0;0;0;0;0;0;0;0;0;0;0;0;0;0;0;0;0;0;0;1;421;250;1;0;0;1002;0;0;0;0;0;0;0;0;16;0;458;0;0;0;0;826;0;0;0;0;0;0;0;0;0;0;0;0;0;0;0;0;817;0;0;0;0;1;5;0;1412;0;0;0;0;0;0;0;1;907;0;685;6219;1540
24/11/2025;0;0;943;0;0;222;0;0;893;8;0;3;0;0;0;0;0;0;0;0;0;0;0;0;0;0;0;0;1118;0;0;0;0;0;0;0;0;0;0;0;0;0;0;1;0;0;0;0;0;0;0;0;0;0;0;0;0;0;0;0;0;0;0;0;0;0;0;0;0;0;0;0;0;1;653;0;3;0;999;0;0;1;0;0;0;0;0;390;0;14;0;0;0;0;772;0;0;0;0;0;0;0;0;1;0;0;0;0;0;0;0;0;0;0;0;0;38;32;37;1305;0;2;0;0;0;0;0;2;817;0;565;5307;1194
20/11/2025;0;0;1208;0;0;981;0;0;91;365;2;0;0;0;0;0;0;0;0;0;0;0;0;0;0;0;0;0;0;0;0;0;0;0;0;0;0;0;0;0;0;0;0;0;0;0;0;0;91;0;0;0;0;0;0;0;0;0;0;0;0;0;0;0;0;0;0;0;0;0;0;0;0;1;497;0;4;0;1145;0;0;13;0;0;0;0;0;355;0;0;0;0;0;0;0;0;0;0;0;0;0;0;0;0;0;0;2;1;0;0;0;0;0;4;0;0;0;0;0;1152;0;2;0;0;0;0;0;135;724;0;619;5838;1510
19/11/2025;0;0;1171;0;0;2;0;0;2;1352;0;0;0;0;0;0;0;0;0;0;1;0;20;0;0;0;0;0;1133;0;0;0;0;0;0;0;0;0;0;0;0;0;0;0;0;0;0;0;1001;0;0;0;0;0;0;0;0;0;0;0;0;0;0;0;0;0;0;0;0;0;0;0;0;0;488;0;1;0;989;0;0;167;0;0;0;0;0;0;0;0;0;0;0;0;685;0;0;0;0;0;0;0;0;0;0;0;14;96;0;0;0;0;0;5;0;0;0;0;1;428;0;630;0;0;0;0;0;667;0;0;448;6327;1474
18/11/2025;0;0;1225;0;0;3;0;0;3;1326;0;0;0;0;0;0;0;0;0;0;0;0;801;0;0;0;0;0;1204;0;0;0;0;0;0;0;0;1;0;0;0;0;0;2;0;0;0;347;778;0;15;0;0;0;0;0;0;2;0;0;3;0;0;0;0;0;0;0;0;0;0;0;0;0;514;0;347;0;642;0;0;179;0;0;0;0;0;0;0;0;0;0;0;0;0;0;0;0;0;0;0;0;3;1;0;0;751;319;0;0;0;0;0;0;0;0;0;1;0;0;0;101;0;0;0;0;0;627;0;24;410;6336;1298
17/11/2025;0;0;1146;0;0;158;0;0;703;362;0;0;0;0;0;0;0;0;1;0;11;0;854;0;0;0;0;0;1124;0;9;0;4;0;0;0;0;0;1;0;0;0;0;7;1;0;1;46;0;0;982;0;0;0;0;0;0;0;0;1;1;0;0;0;0;0;0;0;0;0;0;0;38;0;423;0;807;0;178;0;1;81;0;0;0;0;0;90;0;0;0;0;0;0;4;0;0;0;0;0;0;0;106;0;0;0;0;0;0;0;0;0;0;0;0;0;0;0;0;2;0;1168;0;0;0;0;0;564;0;293;0;4583;1193
15/11/2025;0;0;0;0;0;1124;0;0;1;0;0;0;0;0;0;0;0;0;0;0;0;0;0;0;0;0;0;0;0;0;0;0;0;0;0;0;0;119;2;0;0;0;0;0;0;0;0;0;0;0;866;0;0;0;0;0;0;0;0;0;22;0;0;0;0;0;0;0;0;0;0;0;197;48;0;0;1;1;550;0;4;0;0;0;0;0;0;833;0;0;0;0;0;0;0;0;0;0;0;0;0;0;1366;0;0;0;0;0;0;0;0;0;0;0;0;0;17;0;0;155;2;712;0;0;0;0;3;1097;5;0;10;5474;1537
14/11/2025;0;0;0;0;0;0;0;0;0;0;0;0;0;0;0;0;0;0;0;0;0;0;808;0;0;0;0;0;1116;0;76;0;0;0;0;0;0;414;628;0;0;0;0;112;0;0;0;4;0;0;0;0;0;0;16;0;0;9;2;141;1114;0;13;12;0;0;0;6;0;0;0;0;1;239;1;4;123;6;382;0;35;0;1;0;0;0;0;1275;1;0;0;0;0;0;5;0;0;0;0;0;0;0;1174;0;0;0;0;0;0;0;0;0;0;0;0;0;98;0;1;790;57;0;0;0;0;0;336;518;0;0;0;5809;1584
13/11/2025;0;0;0;0;0;0;0;0;0;0;0;0;0;0;0;0;0;0;1;0;3;0;829;0;0;0;0;0;0;0;1173;0;0;0;0;0;0;0;0;0;0;0;4;1110;0;0;0;1;0;0;0;0;0;0;0;0;0;0;3;0;1341;0;0;0;0;0;0;0;0;0;0;0;1;250;0;6;584;9;0;0;1;0;20;0;0;0;0;1316;4;0;0;0;0;0;0;0;0;0;0;0;0;0;0;0;0;0;0;0;0;0;0;0;0;0;0;0;1403;3;0;282;600;0;0;0;0;0;905;0;0;0;1;5912;1486
12/11/2025;0;0;0;0;0;0;0;0;0;0;9;0;0;0;0;0;0;0;26;0;99;0;720;0;0;0;0;0;0;0;1161;0;5;0;0;0;0;0;0;0;0;0;453;587;0;0;1;0;0;0;0;0;0;0;0;0;0;0;0;0;1230;0;0;0;0;0;0;0;0;0;0;0;0;218;0;23;378;31;10;0;0;0;32;0;0;0;0;496;845;2;0;0;0;0;0;0;0;0;0;0;0;0;0;0;0;0;0;0;0;0;0;0;1;0;0;0;1337;137;1;977;0;1;0;0;0;0;887;0;3;0;1;6557;1716
11/11/2025;0;0;0;0;0;3;0;1;0;0;0;0;0;0;0;0;0;0;2;0;783;0;2;0;0;0;0;0;0;0;1070;0;95;0;0;0;0;0;0;0;0;0;962;0;0;0;75;0;0;0;0;0;0;0;0;0;0;0;2;0;1279;0;0;0;0;0;0;0;0;0;0;0;0;234;4;399;0;133;1;0;0;0;0;0;0;0;0;2;1240;2;0;0;0;0;2;0;0;0;0;0;0;0;0;0;0;0;0;0;0;0;0;0;0;0;0;0;623;190;477;874;0;51;0;0;0;0;782;0;134;0;0;5657;1476
10/11/2025;0;0;0;0;0;7;0;1;0;0;56;4;0;0;0;0;0;0;11;0;896;0;3;0;0;0;0;0;0;0;0;0;1114;0;0;0;0;0;0;0;0;0;0;0;139;0;994;0;0;0;0;0;0;0;0;0;0;0;1119;0;123;0;0;0;0;0;0;88;0;0;0;0;54;160;0;253;0;54;179;1;0;0;0;0;0;0;0;748;140;7;0;0;0;0;0;0;0;0;0;0;0;0;0;0;0;0;0;0;0;0;0;0;1;0;0;0;1358;0;0;1;0;809;0;0;0;0;0;0;1262;1;91;5229;1325
08/11/2025;0;0;0;0;0;101;0;0;0;0;844;0;0;0;0;0;0;0;73;0;681;0;0;0;0;0;0;0;0;0;0;0;1135;0;0;0;0;0;0;0;0;0;0;0;1050;0;67;1;0;0;0;0;0;0;0;0;0;0;0;0;0;0;0;0;0;0;0;1175;0;0;0;0;233;0;10;0;0;0;551;1;12;0;0;0;0;0;0;591;0;185;0;0;1;0;0;0;0;0;0;0;0;0;0;0;0;0;0;0;0;0;0;0;0;1;0;0;1147;0;0;0;0;0;0;0;0;0;0;0;3;1;1103;6297;1514
07/11/2025;0;0;0;0;0;1357;0;474;37;1;516;0;0;0;0;0;0;0;876;0;0;0;0;0;0;0;0;0;0;0;0;0;1143;0;0;0;0;0;0;0;0;0;0;0;0;0;1115;0;0;0;0;0;0;0;0;0;0;0;0;0;0;0;0;0;0;0;0;1340;0;0;0;0;15;0;248;0;0;0;529;1;74;0;0;0;0;0;0;0;0;902;0;0;6;0;0;0;0;0;0;0;0;0;0;0;0;0;0;0;0;0;0;0;1;97;0;0;0;0;0;0;0;0;0;0;0;0;0;0;0;2;1348;6061;1500
06/11/2025;0;0;0;0;0;0;0;994;0;0;0;0;0;0;0;0;0;0;841;0;0;0;1;0;0;0;0;0;0;0;0;0;1168;0;0;0;0;0;0;0;0;0;0;0;1;0;1030;78;0;0;0;0;0;0;0;0;0;0;0;0;0;0;0;0;0;0;2;316;0;0;0;0;0;0;188;0;0;0;550;32;45;0;0;0;0;0;0;0;0;897;0;0;1043;0;0;0;0;0;0;0;0;0;0;0;0;0;0;0;0;0;0;1;302;1211;0;0;0;0;0;0;0;0;0;0;0;0;2;1;6;910;401;6616;1645
05/11/2025;0;0;1;0;0;0;0;698;0;0;233;0;0;0;0;0;0;0;806;0;0;0;2;0;0;0;0;0;0;0;0;0;1192;0;0;0;0;0;0;0;0;0;0;0;0;0;0;1124;0;0;1;0;0;0;0;0;0;0;0;0;0;0;0;0;0;0;2;10;0;0;0;0;0;0;173;0;0;0;596;77;0;0;0;0;0;0;0;0;0;871;0;0;1332;0;4;0;0;0;0;0;0;0;0;0;0;0;0;0;2;0;0;0;696;756;0;0;0;0;0;0;0;0;0;0;0;0;0;1;12;1322;0;6550;1586
04/11/2025;0;0;127;0;0;0;0;0;0;0;977;0;0;0;0;0;0;0;819;0;1;0;1;0;0;0;0;0;0;0;0;0;1095;0;0;0;0;0;0;0;0;0;0;0;0;0;0;1189;1;0;10;0;0;0;0;0;0;0;0;0;0;0;0;0;0;0;3;1305;0;0;0;0;6;0;152;0;0;0;511;27;0;0;0;0;0;0;0;11;0;947;0;0;78;0;9;0;0;0;0;0;0;0;0;0;0;0;0;0;0;0;0;0;1319;0;0;0;0;0;0;0;0;0;0;0;0;0;0;1;1375;0;1;6388;1393
03/11/2025;0;0;1224;0;0;0;0;2;0;0;976;18;0;0;0;0;0;0;704;0;1;0;0;0;0;0;0;0;0;0;0;0;1171;0;0;0;0;0;0;0;0;0;0;0;0;0;0;612;0;0;426;0;0;0;0;0;0;0;0;0;0;0;0;0;0;0;1197;84;0;0;0;0;251;0;5;0;0;0;618;0;0;0;0;0;0;0;0;0;0;824;0;0;0;0;15;0;0;0;0;0;0;0;1;0;0;0;2;0;0;0;0;1;0;0;0;0;0;0;0;0;0;2;0;0;0;0;151;1;1010;0;0;5601;1176
01/11/2025;0;0;1644;0;0;0;0;9;1;0;1041;694;0;0;0;0;0;0;0;0;0;0;0;0;0;0;0;0;0;0;0;0;933;0;0;0;0;0;0;0;0;0;0;0;0;0;0;0;1;0;1226;0;0;0;0;0;0;0;0;0;0;0;0;0;0;0;1467;4;0;0;0;0;586;0;7;0;0;0;1211;0;0;0;0;0;0;0;0;0;0;654;0;0;0;0;343;0;0;0;0;0;0;0;0;0;0;0;0;0;0;0;0;2;0;0;0;0;0;0;0;1;0;0;0;0;0;0;793;2;0;0;0;6160;1467
31/10/2025;0;0;1199;0;0;0;0;771;0;0;42;474;0;0;0;0;0;0;0;0;0;0;0;0;0;0;0;0;0;0;0;0;0;0;0;0;0;0;0;0;0;0;0;0;0;0;0;0;1;0;924;0;0;0;0;0;0;0;0;0;0;0;0;0;0;0;497;603;0;0;0;0;42;0;543;0;0;2;878;2;0;0;0;0;0;0;0;0;0;328;0;0;1;0;1247;0;0;0;0;0;0;0;0;0;0;0;0;0;0;0;0;3;1;0;0;0;0;0;1;0;0;0;0;0;0;0;117;218;0;0;0;5663;1694
30/10/2025;0;0;1406;0;0;0;0;1061;0;0;0;590;0;0;0;0;0;0;0;0;0;0;0;0;0;0;0;0;0;0;0;0;0;0;0;0;0;0;0;0;0;0;0;0;0;0;0;0;0;0;1158;0;0;0;0;0;0;0;0;0;0;0;0;0;0;0;0;1418;0;0;0;0;0;0;697;0;0;0;1105;0;0;0;0;0;0;0;0;1;0;570;0;0;0;0;1543;0;0;0;0;0;0;0;0;0;0;0;3;0;0;0;0;64;0;0;0;0;0;0;4;0;0;0;0;0;0;0;3;578;0;0;3;6716;1688
29/10/2025;0;0;0;0;0;0;0;910;1;0;0;454;0;0;0;0;0;0;0;0;0;0;0;0;0;0;0;0;0;0;0;0;75;0;0;0;0;0;1;0;0;0;0;0;0;0;2;0;207;0;981;0;0;0;0;0;0;0;0;0;0;0;0;0;0;0;0;1347;0;0;0;0;0;0;709;0;0;0;1076;0;0;0;0;0;0;0;0;0;0;539;0;0;0;0;1299;0;0;0;0;0;0;0;0;0;0;0;2;0;0;0;0;884;0;0;0;0;0;1;102;1;0;0;0;0;0;0;378;232;0;0;0;6828;1536
28/10/2025;0;0;0;0;0;0;0;883;0;1;0;0;0;0;0;0;0;0;0;0;0;0;1;0;0;0;0;0;0;0;0;0;1340;0;0;0;0;0;1;0;0;0;0;1;1;0;1;0;1144;0;0;0;0;0;0;0;0;0;0;0;0;0;0;0;0;0;2;1380;0;0;0;0;0;0;680;0;91;0;992;0;0;0;0;0;0;0;0;0;0;471;0;0;0;0;930;0;0;0;0;0;0;0;2;0;0;0;71;0;0;0;0;0;0;0;0;0;1;363;1034;3;0;0;0;0;0;0;30;507;0;0;5;6603;1662
27/10/2025;0;0;0;0;0;1;0;0;10;0;0;0;0;0;0;0;0;0;2;0;0;0;106;0;0;0;0;0;0;0;0;0;988;0;0;0;0;1;0;0;0;0;0;0;8;0;11;1;1125;0;0;0;0;0;0;0;0;0;1;0;0;0;0;0;0;0;1;1315;0;0;0;0;1;1;657;0;0;0;1048;2;0;0;0;0;0;0;0;0;0;525;0;0;0;0;638;0;0;0;0;0;0;0;145;34;0;0;857;0;0;0;0;0;2;0;0;0;0;2;1260;0;0;92;0;0;0;0;0;435;2;0;143;5371;1525
24/10/2025;0;0;0;0;0;0;0;0;0;0;0;0;0;0;0;0;0;0;0;0;1;0;838;0;0;0;0;0;0;0;0;0;1168;0;0;0;0;0;0;0;0;0;0;0;0;0;0;4;1189;0;0;0;0;0;0;0;0;0;1;0;0;0;0;0;0;0;1;1336;0;0;0;0;0;170;169;0;0;0;511;5;10;5;0;0;0;0;0;133;0;770;0;0;0;0;0;0;0;0;0;0;0;0;1340;6;0;0;0;0;1;0;0;0;0;0;0;0;0;0;0;5;0;897;0;0;0;0;0;0;0;5;1354;4615;1550
23/10/2025;0;0;0;0;0;106;0;0;1;0;0;0;0;0;0;0;0;0;0;0;6;0;776;0;0;0;0;0;0;0;0;0;1073;0;0;0;0;0;0;0;0;0;0;1;0;0;0;0;1141;0;0;0;0;0;0;0;0;0;0;1;0;0;0;0;0;0;0;1306;0;0;0;0;0;73;235;1;0;0;471;0;0;0;0;0;0;0;0;952;0;0;0;0;0;0;0;0;0;0;0;0;0;0;557;494;0;0;0;0;83;0;0;0;0;0;0;0;0;0;0;545;1;267;0;0;0;0;0;0;0;0;1226;5890;1603
22/10/2025;0;0;0;0;0;1469;0;0;1;0;0;0;0;0;0;0;0;0;11;0;1;0;741;0;0;0;0;0;12;0;0;0;1125;0;0;0;0;0;0;0;0;0;0;0;0;0;0;3;1160;0;0;0;0;0;0;0;0;0;0;1;0;0;0;0;0;0;560;767;0;0;0;0;0;0;336;0;0;0;531;0;0;0;0;0;0;0;0;1031;231;0;0;0;1;0;0;0;0;0;0;0;0;0;0;0;0;0;0;0;776;0;0;0;0;0;0;0;1;0;0;352;0;562;0;0;0;0;0;0;0;0;105;6729;1687
21/10/2025;0;0;0;0;0;1484;0;0;6;1;0;0;0;0;0;0;0;0;1;0;5;0;839;0;0;0;0;0;1;0;104;0;997;0;0;0;0;0;0;0;0;0;1;9;0;0;0;780;307;0;1;0;0;0;0;0;0;0;1;0;0;0;0;0;0;0;1245;0;0;0;0;0;0;0;317;1;0;0;458;0;0;0;0;0;0;0;0;0;896;4;0;0;0;0;0;0;0;0;0;0;0;0;0;0;0;0;0;0;0;0;0;0;0;0;0;0;1;1;1;901;0;0;0;0;0;0;0;0;0;0;1375;5557;1717
20/10/2025;0;0;0;0;0;718;0;0;746;0;1;0;0;0;0;0;0;0;31;0;77;0;640;0;0;0;0;0;80;0;896;0;24;0;0;0;0;115;173;0;0;0;0;6;0;0;1;813;0;0;2;0;0;0;0;0;0;0;0;1;0;0;0;0;0;0;1229;0;0;0;0;0;0;0;349;2;0;1;526;0;0;0;0;0;0;0;0;269;513;0;0;0;1;0;0;0;0;0;0;0;0;0;0;0;0;0;0;0;0;0;0;0;0;0;0;0;0;0;0;970;0;0;0;0;0;0;0;0;4;4;1177;4353;1330
18/10/2025;0;0;0;0;0;4;0;0;1313;1;0;0;0;0;0;0;0;0;0;0;0;0;0;0;0;0;0;0;0;0;0;0;0;0;0;0;0;0;0;0;0;0;0;77;0;0;0;1036;0;0;0;0;0;0;0;0;0;0;87;0;0;0;0;0;0;0;1068;0;0;0;0;0;0;1;316;0;0;7;499;0;1;0;0;0;0;0;0;856;0;1;0;0;0;0;0;0;0;0;0;0;0;0;0;0;0;0;0;0;0;0;0;0;0;0;0;0;0;0;0;867;0;0;0;0;0;0;0;0;0;0;1299;5803;1410
17/10/2025;0;0;0;0;0;2;0;2;1344;11;1;0;0;0;0;0;0;0;2;0;814;0;0;0;0;0;0;0;1228;0;0;0;0;0;0;0;0;0;0;0;0;0;0;1147;0;0;0;0;0;0;1;0;0;0;0;0;0;0;1037;324;0;0;0;0;0;0;0;0;0;0;0;0;0;8;337;2;0;9;508;0;2;0;0;0;0;0;0;913;3;3;0;0;0;0;2;0;0;0;0;0;0;0;0;0;0;0;0;0;0;0;0;0;0;0;0;0;0;0;0;941;0;0;0;0;0;0;0;0;3;8;1365;6656;1774
16/10/2025;0;0;1;0;0;93;0;1;1138;206;7;0;0;0;0;0;0;0;83;0;716;0;0;0;0;0;0;0;1244;0;0;0;0;0;0;0;0;0;0;0;0;0;2;1140;0;0;0;0;0;0;0;0;0;0;0;0;0;0;0;1323;0;0;0;0;0;0;0;0;0;0;0;0;0;200;139;158;1;78;290;1;0;0;0;0;0;0;0;776;2;0;0;0;0;0;0;0;0;0;0;0;0;0;0;0;0;0;0;0;0;0;0;0;0;0;0;0;0;0;0;944;0;0;0;0;0;0;0;1;3;663;521;6354;1543
15/10/2025;0;0;0;0;0;1309;0;2;0;3;86;0;0;0;0;0;0;0;755;0;0;0;0;0;0;0;0;0;1133;0;0;0;0;0;0;0;0;0;0;0;0;0;378;598;0;0;0;0;0;0;0;0;0;0;0;0;0;0;3;1154;2;0;0;0;0;0;0;0;0;0;0;0;0;312;2;417;0;82;0;2;1;0;0;0;0;0;0;850;0;0;0;0;0;0;7;0;0;0;0;0;0;0;0;0;0;0;0;0;0;0;0;0;2;0;0;0;0;0;0;752;0;0;0;0;0;0;0;0;0;1188;1;6491;1665
14/10/2025;0;0;0;0;0;1212;0;252;3;224;709;1;0;0;0;0;0;0;833;0;0;0;0;0;0;0;0;0;1172;0;0;0;3;0;0;0;0;0;0;0;0;0;1060;0;1;0;2;0;0;0;20;0;0;0;0;0;0;0;4;1283;6;0;0;0;0;0;0;1;0;0;0;0;1;190;134;384;4;22;1;43;1;0;0;0;0;0;0;155;85;594;0;0;4;0;2;0;0;0;0;0;0;0;0;0;0;0;0;0;0;0;0;0;0;0;0;0;0;0;0;0;0;0;0;0;0;0;0;0;311;880;0;5673;1425
13/10/2025;0;0;0;0;0;0;0;868;14;1284;0;63;0;2;0;0;0;0;611;0;0;0;0;0;0;0;0;0;1018;0;0;0;0;0;0;0;0;0;0;0;0;0;481;0;0;0;69;0;0;0;1;0;0;0;0;0;0;0;0;853;0;0;0;0;0;0;0;0;0;0;0;0;3;0;228;61;236;0;3;37;11;0;0;0;0;0;0;0;741;0;0;0;106;0;26;0;0;0;0;0;0;0;0;1;0;0;0;0;0;0;0;0;0;2;0;0;35;32;35;0;0;0;0;0;0;0;0;3;1156;0;0;5477;1284
10/10/2025;0;0;0;0;0;0;0;948;9;1236;0;574;0;7;0;0;0;0;0;0;0;0;0;0;0;0;0;0;1225;0;0;0;0;0;0;0;0;0;0;0;0;0;0;0;0;0;1176;0;0;0;0;0;0;0;0;0;0;0;0;0;0;0;0;0;0;0;0;0;0;0;0;0;6;0;296;0;0;0;419;0;71;0;12;0;0;0;0;0;887;10;0;0;1330;0;0;0;0;0;0;0;0;0;0;0;0;0;0;0;0;0;0;0;1;116;0;0;2;2;2;0;0;0;0;0;0;0;0;3;1315;0;0;6331;1647
09/10/2025;0;0;0;0;0;3;0;1011;6;2;1;527;0;140;0;0;0;0;0;0;0;0;0;0;0;0;0;0;1260;0;0;0;0;0;0;0;0;0;0;0;0;0;0;0;1;0;1147;0;0;0;0;0;0;0;0;0;0;0;0;0;0;0;0;0;0;0;0;0;0;0;0;0;308;0;29;0;0;0;409;0;2;34;43;0;0;0;0;2;26;916;0;0;1330;0;11;0;0;0;0;0;0;0;0;0;0;0;0;0;0;0;0;1;0;1460;0;0;0;0;0;1;0;1;0;0;0;0;2;135;1136;0;0;6292;1695
08/10/2025;0;0;0;0;0;0;0;921;0;0;1;611;0;0;0;0;0;0;0;0;0;0;0;0;0;0;0;0;1133;0;0;0;0;0;0;0;0;0;0;0;0;0;0;0;511;0;602;0;0;0;3;0;0;0;0;0;0;0;2;0;0;0;0;0;0;0;0;0;0;0;0;0;333;0;0;0;0;0;333;0;0;151;0;0;0;0;0;0;0;861;0;0;1227;0;2;0;0;0;0;0;0;0;0;0;0;0;0;0;0;0;0;0;3;1432;0;0;0;0;0;0;0;1;0;0;0;0;1;1301;0;0;0;6353;1517
07/10/2025;0;0;3;0;0;8;0;928;1;0;34;576;0;0;0;0;0;0;0;0;0;0;0;0;0;0;0;0;1166;0;0;0;0;0;0;0;0;0;0;0;0;0;0;0;1164;0;0;0;0;0;0;0;0;0;0;0;0;0;74;1;1;0;0;0;0;0;0;0;0;0;0;0;336;0;2;0;0;0;367;0;0;161;0;0;0;0;0;118;0;676;0;0;1136;0;13;0;0;0;0;0;0;0;0;0;0;0;0;0;0;0;0;0;219;1212;0;0;0;0;0;0;0;0;0;0;0;0;2;1444;0;0;1;6589;1534
06/10/2025;0;0;0;0;0;1;0;0;0;0;949;0;0;0;0;0;0;0;0;0;0;0;0;0;0;0;0;0;1104;0;0;0;4;0;0;0;0;0;0;0;0;0;0;0;974;0;2;0;0;0;93;0;0;0;0;0;0;0;1278;1;3;0;0;0;0;0;0;0;0;0;0;0;226;0;74;1;0;0;342;0;0;163;0;0;0;0;0;0;0;833;0;0;0;0;893;0;0;0;0;0;0;0;0;0;0;0;0;0;0;0;0;0;1449;9;0;0;2;0;0;0;0;0;0;0;0;0;100;1126;0;0;1;5810;1350
04/10/2025;0;0;0;0;0;5;0;7;0;0;874;0;0;0;0;0;0;0;0;0;0;0;0;0;0;0;0;0;0;0;0;0;0;0;0;0;0;0;0;0;0;0;0;0;0;0;0;0;0;0;1152;0;0;0;0;0;0;0;1195;1;3;0;0;0;0;0;0;0;0;0;0;0;1;0;279;315;1;0;23;0;0;100;0;0;0;0;0;0;0;998;0;0;0;0;0;0;0;0;0;0;0;0;3;0;0;0;1;0;0;0;1;0;1322;5;0;0;0;0;0;0;0;1;0;0;0;0;1011;0;1;0;4;5738;1357
03/10/2025;0;0;87;0;0;0;0;0;0;0;954;0;0;0;0;0;0;0;0;0;0;0;0;0;0;0;0;0;1090;0;0;0;41;0;0;0;0;0;0;0;0;0;0;0;0;0;0;0;0;0;1166;0;0;0;0;0;0;0;1089;2;223;0;0;0;0;0;0;0;0;0;0;0;0;0;342;53;316;0;1;0;0;154;0;0;0;0;0;6;0;411;0;0;0;0;885;0;0;0;0;0;0;0;1;0;0;0;0;0;0;0;1;0;1327;0;0;0;0;0;0;0;0;5;0;0;0;0;833;649;10;0;8;6492;1454
02/10/2025;0;0;1485;0;0;9;0;0;1;0;963;0;0;0;0;0;0;0;0;0;0;0;0;0;0;0;0;0;2;0;1;0;1154;0;0;0;0;0;0;0;0;0;0;0;0;0;0;0;0;0;1116;0;0;0;0;0;0;0;0;1;1339;0;0;0;0;0;0;0;0;0;0;0;0;0;323;0;458;0;4;0;0;81;0;0;0;0;0;19;0;886;0;0;0;0;856;0;0;0;0;0;0;0;0;0;0;0;0;0;0;0;3;0;0;0;0;0;0;0;0;0;0;12;0;0;0;0;1150;23;0;0;133;6742;1434
01/10/2025;0;0;1314;0;0;434;0;0;0;0;848;0;0;0;0;0;0;0;0;0;0;0;0;0;0;0;0;0;2;0;0;0;1367;0;0;0;0;0;0;0;0;0;0;0;0;0;0;0;0;0;1360;0;0;0;0;0;0;0;0;2;1153;0;0;0;0;0;0;0;0;0;0;0;0;0;514;0;404;0;429;0;0;0;0;0;0;0;0;1334;0;8;0;0;0;0;996;0;0;0;0;0;0;0;0;0;0;0;0;0;0;0;474;2;0;0;0;0;0;0;0;2;0;329;0;0;0;0;0;0;2;0;1477;6789;1531
30/09/2025;0;0;0;0;0;939;0;0;0;0;0;0;0;0;0;0;0;0;0;0;0;0;1;0;0;0;0;0;3;0;1;0;815;0;0;0;0;0;0;0;0;0;0;0;0;0;0;0;0;0;814;0;0;0;0;0;0;0;0;0;0;0;0;0;0;0;0;0;0;0;0;0;0;0;173;0;0;0;278;0;0;0;0;0;0;0;0;967;0;2;0;0;0;0;617;0;0;0;0;0;0;0;0;0;0;0;0;0;0;0;740;262;0;0;0;0;0;0;0;123;1;487;0;0;0;0;0;0;499;0;197;6133;1509
29/09/2025;0;0;121;0;0;968;0;0;0;0;0;69;0;0;0;0;0;0;0;0;0;0;15;0;0;0;0;0;14;0;0;0;987;0;0;0;0;0;0;0;0;0;0;0;0;0;0;0;0;0;1041;0;0;0;0;0;0;0;0;0;0;0;0;0;0;0;0;0;0;0;0;0;0;2;354;0;0;0;528;0;0;0;0;0;0;0;0;1165;0;0;0;0;0;0;886;0;0;0;0;0;0;0;1;0;0;0;0;0;0;0;0;1153;0;0;0;0;0;0;0;778;0;71;0;0;0;0;0;0;1170;0;2;5675;1313
27/09/2025;0;0;1253;0;0;0;0;0;0;0;0;0;0;0;0;0;0;0;0;0;0;0;0;0;0;0;0;0;0;0;0;0;0;0;0;0;0;0;0;0;0;0;0;0;0;0;0;0;0;0;1168;0;0;0;0;0;0;0;0;0;0;0;0;0;0;0;0;0;0;0;0;0;0;4;335;0;2;0;501;0;1;0;1;0;0;0;0;1133;1;1;0;0;0;0;0;0;0;0;0;0;0;0;0;0;0;0;0;0;0;0;0;0;0;0;0;0;0;1;5;67;0;765;0;0;0;0;0;0;1026;0;749;5716;1522
26/09/2025;0;0;1536;0;0;0;0;0;0;0;0;601;0;0;0;0;0;0;0;0;0;0;0;0;0;0;0;0;0;0;0;0;0;0;0;0;0;0;0;0;0;0;0;0;0;0;0;0;1;0;1242;0;0;0;0;0;0;0;0;0;0;0;0;0;0;0;0;0;0;0;0;0;0;0;710;0;0;0;1081;0;0;0;0;0;0;0;0;530;0;0;0;0;0;0;1432;0;0;0;0;0;0;0;3;2;0;0;79;4;0;0;0;0;0;0;0;0;0;0;0;770;0;0;0;0;0;0;0;0;1005;0;521;6840;1495
25/09/2025;0;0;1464;0;0;0;0;0;0;0;0;444;0;0;0;0;0;0;0;0;0;0;0;0;0;0;0;0;0;0;0;0;62;0;0;0;0;0;0;0;0;0;0;0;0;0;0;0;1;0;1296;0;0;0;0;0;0;0;0;0;0;0;0;0;0;0;0;0;0;0;0;0;0;0;652;0;0;0;1002;0;0;0;8;0;0;0;0;197;4;381;0;0;0;0;1092;0;0;0;0;0;0;0;1;0;0;0;593;239;0;0;0;0;0;0;0;0;0;0;7;93;0;0;0;0;0;0;0;0;1012;2;570;6350;1481
24/09/2025;0;0;1245;0;0;0;0;0;0;0;0;681;0;0;0;0;0;0;0;0;0;0;0;0;0;0;0;0;0;0;0;0;1119;0;0;0;0;0;0;0;0;0;0;0;0;0;0;1;1;0;1231;0;0;0;0;0;0;0;0;0;0;0;0;0;0;0;0;0;0;0;0;0;0;0;696;0;0;0;939;0;0;50;46;0;0;0;0;1;0;572;0;0;0;0;3;0;0;0;0;0;0;0;2;2;0;0;0;0;0;0;0;0;0;0;0;0;4;17;122;921;0;1;0;0;0;0;0;0;997;2;565;6376;1448
23/09/2025;0;0;0;0;0;0;0;0;0;0;0;629;0;0;0;0;0;0;0;0;0;0;0;0;0;0;0;0;0;0;1;0;1095;0;0;0;0;0;0;0;0;0;0;0;0;0;0;5;0;0;1262;0;0;0;0;0;0;0;0;0;0;0;0;0;0;0;0;0;0;0;0;0;0;1;660;0;0;0;681;0;0;344;0;0;0;0;0;0;0;579;0;0;0;0;0;0;0;0;0;0;0;0;29;204;0;0;0;0;0;0;1;0;0;0;0;0;0;170;743;737;0;5;0;0;0;0;0;0;931;0;585;6090;1687
22/09/2025;0;0;0;0;0;0;0;1;0;0;5;676;0;0;0;0;0;0;0;0;0;0;32;0;0;0;0;0;0;0;1;0;966;0;0;0;0;0;1;0;0;0;0;0;0;0;6;10;328;0;689;0;0;0;0;0;0;0;0;119;0;0;0;0;0;0;0;0;0;0;0;0;0;81;572;0;0;0;670;0;0;332;0;0;0;0;0;0;0;555;0;0;0;0;0;0;0;0;0;0;0;0;967;22;0;0;0;0;0;0;0;0;0;0;0;0;0;0;0;365;0;271;0;0;0;0;0;9;972;0;489;5252;1362
19/09/2025;0;0;0;0;0;103;0;0;0;0;68;577;0;0;0;0;0;0;0;0;0;0;0;0;0;0;0;0;1;0;63;0;947;0;0;0;0;0;0;0;0;0;0;0;0;0;0;0;0;0;0;0;0;0;0;0;0;0;3;1513;8;0;0;0;0;0;1;0;0;0;0;0;0;627;2;0;0;0;631;0;0;308;0;0;0;0;0;1;0;585;0;0;0;0;0;0;0;0;0;0;0;0;812;0;0;0;0;0;1;0;0;0;0;0;0;0;0;0;0;0;0;533;0;0;0;0;0;0;1564;0;0;6564;1439
18/09/2025;0;0;0;0;0;1484;0;7;5;1;956;656;0;0;0;0;0;0;0;0;0;0;1;0;0;0;0;0;35;0;1016;0;0;0;0;0;0;0;0;0;0;0;0;0;0;0;0;0;0;0;0;0;0;0;0;0;0;0;1;1422;8;0;0;0;0;0;0;1;0;0;0;0;0;639;2;0;0;0;721;0;0;320;0;0;0;0;0;7;0;572;0;0;0;0;0;0;0;0;0;0;0;0;0;0;0;0;0;0;0;0;0;0;0;0;0;0;0;0;0;0;0;0;0;0;0;0;0;0;1462;0;5;6920;1379
17/09/2025;0;0;0;0;0;1473;0;6;0;0;959;615;0;0;0;0;0;0;0;0;1;0;1;0;0;0;0;0;1200;0;0;0;0;0;0;0;0;0;0;0;0;0;0;0;0;0;0;0;0;0;0;0;0;0;0;0;0;0;1;46;1391;0;0;0;0;0;0;0;0;0;0;0;0;274;370;0;0;0;643;0;0;304;0;0;0;0;0;0;0;561;0;0;0;0;2;0;0;0;0;0;0;0;0;0;0;0;0;0;0;0;0;0;0;0;0;0;0;0;0;0;0;0;0;0;0;0;0;0;957;0;498;7409;1550
16/09/2025;0;0;0;0;0;1479;0;67;1;0;879;494;0;2;0;0;0;0;0;0;0;0;93;0;0;0;0;0;1218;0;0;0;0;0;0;0;0;0;0;0;0;0;0;0;0;0;0;4;0;0;0;0;0;0;0;0;0;0;1210;0;294;0;0;0;0;0;0;0;0;0;0;0;0;0;643;0;0;0;672;0;0;279;0;0;0;0;0;10;0;563;0;0;0;0;0;0;0;0;0;0;0;0;0;1;0;0;0;0;0;0;1;0;0;0;0;0;0;0;0;0;0;0;0;0;0;0;0;0;956;0;577;7203;1681
15/09/2025;0;0;0;0;0;1530;0;981;6;0;0;0;0;0;0;0;0;0;4;0;18;0;814;0;0;0;0;0;1223;0;0;0;0;0;0;0;0;0;0;0;0;0;0;0;0;0;0;84;0;0;0;0;0;0;0;0;0;0;231;0;1102;0;0;0;0;0;1;1;0;0;0;0;1;35;593;1;0;1;843;0;0;134;0;0;0;0;0;161;0;412;0;0;0;0;2;0;0;0;0;0;0;0;0;0;0;0;0;0;0;0;0;0;0;0;0;0;0;0;0;0;0;0;0;0;0;0;0;2;712;0;572;6048;1348
13/09/2025;0;0;0;0;0;110;0;902;1165;86;5;0;0;0;0;0;0;0;0;0;0;0;0;0;0;0;0;0;0;0;0;0;0;0;0;0;0;0;0;0;0;0;0;0;0;0;2;996;0;0;123;0;0;0;0;0;0;0;0;0;1062;0;0;0;0;0;0;103;0;0;0;0;2;306;1;2;0;15;446;0;0;0;0;0;0;0;0;970;5;0;0;0;0;0;0;0;0;0;0;0;0;0;0;0;0;0;0;0;0;0;0;0;0;0;0;0;0;0;0;0;0;0;0;0;0;0;0;7;0;4;1111;6752;1690
12/09/2025;0;0;0;0;0;3;0;934;15;1383;12;0;0;0;0;0;0;0;0;0;0;0;782;0;0;0;0;0;1143;0;0;0;0;0;0;0;0;97;97;0;0;0;0;0;0;0;0;2;0;0;845;0;0;0;0;0;0;0;0;0;0;0;0;0;0;0;3;1232;0;0;0;0;109;211;0;300;0;159;26;0;0;0;0;0;0;0;0;1159;0;0;0;0;0;0;1;0;0;0;0;0;0;0;0;0;0;0;0;0;0;0;0;0;0;0;0;0;0;0;0;0;0;0;0;0;0;0;0;112;0;781;201;7103;1692
11/09/2025;0;0;0;0;0;61;0;894;1264;68;29;0;0;0;0;0;0;0;2;0;9;0;823;0;0;0;0;0;1217;0;0;0;1;0;0;0;0;2;2;0;0;0;0;0;1;0;5;10;0;0;1150;0;0;0;0;0;0;0;0;0;0;0;0;0;0;0;925;301;0;0;0;0;335;0;1;313;0;161;16;0;0;0;0;0;0;0;0;1140;0;1;0;0;1;0;3;0;0;0;0;0;0;0;0;0;0;0;0;0;0;0;0;0;0;0;0;0;0;0;0;0;0;0;0;0;0;0;4;1129;1;0;0;6905;1620
10/09/2025;0;0;0;0;0;1311;0;536;1;0;410;0;0;0;0;0;0;0;4;0;85;0;685;0;0;0;0;0;1135;0;0;0;1;0;0;0;0;0;0;0;0;0;0;0;103;0;11;2;0;0;985;0;0;0;0;0;0;0;0;0;0;0;0;0;0;0;1217;0;0;0;0;0;315;0;0;342;0;151;0;0;0;0;0;0;0;0;0;1152;0;1;0;0;84;0;3;0;0;0;0;0;0;0;0;0;0;0;0;0;0;0;0;0;0;119;0;0;0;0;0;0;0;0;0;0;0;0;2;1095;0;0;0;5818;1458
09/09/2025;0;0;0;0;0;0;0;860;0;0;0;0;0;0;0;0;0;0;21;0;772;0;0;0;0;0;0;0;1085;0;0;0;0;0;0;0;0;0;0;0;0;0;0;0;120;0;858;116;1;0;0;0;0;0;0;0;0;0;0;0;0;0;0;0;0;0;0;0;0;0;0;0;314;0;3;375;2;174;0;0;0;0;0;0;0;0;0;1394;5;6;0;0;1265;0;78;0;0;0;0;0;0;0;0;0;0;0;0;0;0;0;0;0;0;1475;0;0;0;0;0;0;0;0;0;0;0;0;2;837;0;0;9;5463;1203
05/09/2025;0;0;0;0;0;0;0;865;0;0;2;0;0;0;0;0;0;0;13;0;901;0;0;0;0;0;0;0;0;0;0;0;0;0;0;0;0;0;0;0;0;0;0;0;0;0;1;1116;6;0;0;0;0;0;0;0;0;0;0;0;0;0;0;0;0;0;0;4;0;0;0;0;274;0;0;136;225;113;0;1;0;0;0;0;0;0;0;320;769;7;0;0;1166;0;1381;0;0;0;0;0;0;0;0;0;0;0;0;0;0;0;0;0;4;1456;0;0;0;0;0;0;0;0;0;0;0;0;2;864;0;0;0;7566;1395
04/09/2025;0;0;0;0;0;0;0;896;0;0;61;0;0;0;0;0;0;0;2;0;855;0;0;0;0;0;0;0;0;0;0;0;0;0;0;0;0;0;0;0;0;0;0;0;0;0;0;1179;4;0;1;0;0;0;0;0;0;0;0;0;1;0;0;0;0;0;0;6;0;0;0;0;320;0;2;0;461;32;0;2;6;0;5;0;0;0;0;0;1350;9;0;0;1290;0;1324;0;0;0;0;0;0;0;0;0;0;0;0;0;0;0;0;0;566;783;0;0;0;0;0;0;0;0;0;0;0;0;429;477;1;0;0;7318;1328
03/09/2025;0;0;0;0;0;0;0;0;5;0;986;0;0;0;0;0;0;0;107;0;775;0;0;0;0;0;0;0;0;0;0;0;0;0;0;0;0;0;0;0;0;0;0;0;0;0;0;592;563;0;2;0;0;0;0;0;0;0;0;0;0;0;0;0;0;0;6;1251;0;0;0;0;257;0;57;0;427;0;0;2;0;0;28;0;0;0;0;0;243;1052;0;0;68;0;1349;0;0;0;0;0;0;0;0;0;0;0;0;0;0;0;0;0;1412;0;0;0;0;0;0;0;0;0;0;0;0;0;846;0;10;0;1;6848;1682
02/09/2025;0;0;0;0;0;1;0;0;0;0;946;0;0;24;0;0;0;0;859;0;0;0;3;0;0;0;0;0;58;0;0;0;0;0;0;0;0;0;0;0;0;0;0;0;0;0;0;0;1174;0;3;0;0;0;0;0;0;0;0;0;0;0;0;0;0;0;13;1310;0;0;0;0;0;0;280;0;454;0;10;46;6;0;0;0;0;0;0;0;0;1381;0;0;0;0;1113;0;0;0;0;0;0;0;0;0;0;0;0;0;0;0;0;0;1505;10;0;0;0;0;0;0;0;1;0;0;0;0;929;0;0;0;0;6801;1450
01/09/2025;0;0;5;0;0;96;0;0;0;0;907;0;0;247;0;0;0;0;713;0;0;0;0;0;0;0;0;0;1190;0;0;0;0;0;0;0;0;0;0;0;0;0;0;0;0;1;0;1;952;0;133;0;0;0;0;0;0;0;0;2;0;0;0;0;0;0;1234;14;0;0;0;0;0;0;265;0;3;0;539;0;59;0;0;0;0;0;0;0;0;1200;0;0;0;0;0;0;0;0;0;0;0;0;0;0;0;0;0;0;0;0;0;0;1299;0;0;0;0;0;0;0;2;0;0;0;0;0;898;0;7;0;137;5729;1199
29/08/2025;0;0;0;0;0;1697;0;0;3;0;768;0;0;501;0;0;0;0;0;0;0;0;0;0;0;0;0;0;1167;0;0;0;0;0;0;0;0;0;0;0;0;0;0;0;0;0;1;2;0;0;1125;0;0;0;0;0;0;0;0;0;0;0;0;0;0;0;1331;3;0;0;0;0;0;0;281;0;0;0;654;0;0;0;0;0;0;0;0;0;0;0;0;0;0;0;0;0;0;0;0;0;0;0;0;0;0;0;0;0;0;0;3;2;0;0;0;0;1;0;0;0;0;1;0;0;0;0;906;0;1;0;1373;8514;1939
28/08/2025;1;2;1;0;0;334;0;660;1373;0;48;0;0;667;0;0;0;0;0;0;0;0;0;0;0;0;0;0;1002;0;0;0;0;0;0;0;0;0;0;0;0;0;0;0;108;4;5;0;0;0;1057;0;0;0;0;0;0;0;0;0;0;0;0;0;0;0;1258;171;0;0;0;0;0;0;259;0;0;0;646;0;0;0;0;0;0;0;0;0;0;0;0;0;0;0;0;0;0;0;0;0;0;0;1;0;0;0;0;0;0;0;0;3;0;0;0;0;1;0;0;3;2;2;0;0;0;0;921;0;1;0;1393;5256;1104
27/08/2025;0;2;0;0;0;12;0;697;1711;0;0;1;0;664;0;0;0;0;0;0;0;0;0;0;0;0;0;0;1131;0;0;0;3;0;0;0;0;0;0;0;0;0;0;0;198;4;821;0;0;0;0;0;0;0;0;0;0;0;0;0;0;0;0;0;0;0;0;1217;0;0;0;0;1;0;259;1;0;0;644;0;0;0;0;0;0;0;0;0;0;0;0;0;2;0;0;0;0;0;0;0;0;0;0;0;0;0;0;0;0;0;0;0;0;0;0;0;0;0;0;75;8;0;0;0;0;0;876;3;3;2;1333;6978;1684
26/08/2025;0;0;88;0;0;1038;0;0;151;0;0;0;0;626;0;0;0;0;0;0;0;0;0;0;0;0;0;0;1092;0;0;0;0;0;0;0;0;0;0;0;0;0;0;0;0;637;480;0;0;0;0;0;0;0;0;0;0;0;0;0;0;0;0;0;0;0;0;1348;0;0;0;0;0;0;258;1;0;0;647;0;0;1;0;0;0;0;0;0;0;0;0;0;3;0;0;0;0;0;0;0;0;0;0;0;0;0;0;0;0;0;0;0;0;0;0;0;0;0;1;522;230;8;0;0;0;0;875;0;281;3;1061;6292;1504
25/08/2025;2;1;1429;0;0;0;0;6;7;0;0;92;0;566;0;0;0;0;0;0;0;0;0;0;0;0;0;0;1140;0;0;0;13;0;0;0;0;0;0;0;0;0;2;0;0;450;540;0;0;0;0;0;0;0;0;0;0;0;0;0;2;0;0;0;0;0;1;1229;0;0;0;0;0;0;268;0;0;0;633;0;0;5;0;0;0;0;0;0;0;0;0;0;4;0;0;0;0;0;0;0;0;0;1;1;0;0;0;0;0;0;3;74;4;0;0;0;10;0;4;0;183;457;0;0;0;0;891;0;1315;0;1;5278;1213
23/08/2025;0;147;0;0;0;0;0;0;0;0;0;0;0;0;0;0;0;0;0;0;0;0;0;0;0;0;0;0;0;0;0;0;0;0;0;0;0;0;0;0;0;0;0;0;0;0;901;1;0;0;1;0;0;0;0;0;0;0;0;1;2;0;0;0;0;0;0;1146;0;0;0;0;0;0;0;0;0;0;0;0;0;0;0;0;0;0;0;2;0;2;0;0;8;0;0;0;0;0;0;0;0;0;0;0;0;0;0;0;0;0;0;1;0;0;0;0;0;0;0;0;0;0;0;0;0;0;846;0;1182;0;3;3968;717
22/08/2025;532;244;1411;0;0;0;0;0;0;0;0;55;0;558;0;0;0;0;0;0;0;0;0;0;0;0;0;0;1107;0;0;0;0;0;0;0;0;0;0;0;0;0;0;0;0;0;0;0;1;0;107;0;0;0;0;0;0;0;0;0;0;0;0;0;0;0;0;783;0;0;0;0;6;0;525;0;0;3;1202;0;0;5;0;0;0;0;0;6;0;86;0;0;310;0;0;0;0;0;0;0;0;0;0;0;0;0;0;0;0;0;40;873;0;0;0;0;2;0;1;0;0;0;0;0;0;0;350;0;638;0;43;6011;1394
21/08/2025;0;0;1447;0;0;0;0;0;0;0;0;2;0;597;0;0;0;0;0;0;7;0;2;0;0;0;0;0;294;0;0;0;513;0;0;0;0;0;0;0;0;0;1;1;0;0;0;1;0;0;867;0;0;0;0;0;0;0;0;1;0;0;0;0;0;0;0;2;0;0;0;0;4;0;512;0;0;73;1172;0;0;0;0;0;0;0;0;93;0;178;0;0;940;0;0;0;0;0;0;0;0;0;89;8;0;0;0;0;0;0;796;0;0;0;0;0;1;0;4;0;0;0;0;0;0;0;0;0;18;0;832;5696;1351
20/08/2025;0;0;1287;0;0;0;0;0;0;0;0;184;0;475;0;0;0;0;0;0;0;0;0;0;0;0;0;0;0;0;0;0;1143;0;0;0;0;0;0;0;0;0;2;3;0;0;0;2;0;0;1154;0;0;0;0;0;0;0;0;0;0;0;0;0;0;0;0;0;0;0;0;0;335;0;154;0;0;250;830;0;0;0;0;0;0;0;0;479;0;5;0;0;1098;0;0;0;0;0;0;0;0;0;405;271;0;0;0;0;0;0;0;0;0;0;0;0;11;0;83;0;0;0;0;0;0;0;0;0;85;0;654;6473;1598
19/08/2025;0;0;1065;0;0;0;0;0;2;0;0;583;0;0;0;0;0;0;0;0;0;0;0;0;0;0;0;0;0;0;0;0;1167;0;0;0;0;0;0;0;0;0;0;0;0;0;0;3;0;0;1213;0;0;0;0;0;0;0;0;0;0;0;0;0;0;0;0;0;0;0;0;0;412;0;80;0;0;270;831;0;0;0;0;0;0;0;0;486;0;11;0;0;0;0;0;0;0;0;0;0;0;0;0;0;0;0;0;0;0;0;0;0;0;0;0;0;317;0;408;0;0;0;0;0;0;0;0;0;940;0;637;5964;1475
18/08/2025;0;0;1078;0;0;0;0;0;103;0;0;581;0;0;0;0;0;0;0;0;23;0;1;0;0;0;0;0;0;0;0;0;1100;0;0;0;0;0;0;0;0;0;0;0;0;0;0;300;0;0;740;0;0;0;0;0;0;0;0;3;0;0;0;0;0;0;0;0;0;0;0;0;0;0;466;0;0;169;856;0;0;49;0;0;0;0;0;344;0;1;0;0;0;0;0;0;0;0;0;0;0;0;0;0;0;0;0;0;82;0;0;0;0;0;0;0;590;0;0;0;0;0;0;0;0;0;0;0;1237;0;275;4909;1207
15/08/2025;0;0;538;0;0;0;0;46;1604;33;0;578;0;0;0;0;0;0;0;0;0;0;0;0;0;0;0;0;0;0;0;0;1012;0;0;0;0;0;0;0;0;0;4;0;0;0;0;290;0;0;737;0;0;0;0;0;0;0;0;0;0;0;0;0;0;0;0;0;0;0;0;0;3;0;494;0;0;0;859;0;0;253;0;0;0;0;0;0;1;105;0;0;0;0;0;0;0;0;0;0;0;0;0;0;0;0;0;0;359;0;0;0;0;0;0;0;0;0;0;0;0;0;0;0;0;0;0;0;715;0;542;6022;1522
14/08/2025;0;0;0;0;0;1;0;750;1708;7;0;526;0;0;0;0;0;0;0;0;1;0;0;0;0;0;0;0;0;0;0;0;1139;0;0;0;0;0;0;0;0;0;1039;1;0;0;0;68;0;0;0;0;0;0;0;0;0;0;0;121;0;0;0;0;0;0;0;0;0;0;0;0;435;0;52;0;0;0;861;0;0;228;5;0;0;0;0;0;0;448;0;0;0;0;0;0;0;0;0;0;0;0;0;0;0;0;0;0;0;0;0;0;0;0;0;0;0;0;0;0;0;0;0;0;0;0;0;0;573;0;413;6346;1734
13/08/2025;0;0;0;0;0;0;0;736;1677;0;0;433;0;0;0;0;0;0;0;0;62;0;0;0;0;0;0;0;0;0;0;0;1032;0;0;0;0;0;0;0;0;0;517;597;0;0;0;0;0;0;0;0;0;0;0;0;0;0;0;1221;24;0;0;0;0;0;0;0;0;0;0;0;202;0;49;2;1;0;593;0;1;1;20;0;0;0;0;3;0;842;0;0;0;0;0;0;0;0;0;0;0;0;0;0;0;0;0;0;0;0;0;0;0;0;0;0;0;0;0;0;0;0;0;0;0;0;0;3;811;356;0;6978;1494
12/08/2025;0;0;0;0;0;1355;0;734;374;0;0;0;0;0;0;0;0;0;0;0;772;0;1;0;0;0;0;0;3;0;0;0;1093;0;0;0;0;0;0;0;0;0;0;1083;0;0;0;0;0;0;0;0;0;0;0;0;0;0;0;1;1236;0;0;0;0;0;0;0;0;0;0;0;0;2;280;4;4;0;609;11;3;2;0;0;0;0;0;0;4;714;0;0;0;0;0;0;0;0;0;0;0;0;0;0;0;0;0;0;0;0;0;0;0;0;0;0;0;0;0;0;0;0;0;0;0;0;0;0;2;998;0;6705;1502
11/08/2025;0;0;0;0;0;1526;32;750;0;2;7;0;0;0;0;0;0;0;14;0;645;0;24;0;0;0;0;0;59;0;0;0;964;0;0;0;0;0;0;0;0;0;0;997;0;0;0;0;0;0;0;0;0;0;0;0;0;0;0;6;1197;0;0;0;0;0;1;0;0;0;0;0;0;65;168;0;0;0;461;7;7;22;0;0;0;0;0;96;1;737;0;0;0;0;16;0;0;0;0;0;0;0;0;0;0;0;0;0;0;0;0;0;0;102;0;0;0;0;0;0;0;0;0;0;0;0;0;5;0;1206;6;5747;1260
09/08/2025;0;0;0;0;0;0;0;0;0;0;0;0;0;0;0;0;0;0;0;0;0;0;0;0;0;0;0;0;0;0;0;0;0;0;0;0;0;0;0;0;0;0;250;803;0;0;0;1;0;0;3;0;0;0;0;0;0;0;0;28;1143;0;0;0;0;0;0;0;0;0;0;0;0;0;0;0;0;0;0;0;0;0;0;0;0;0;0;557;0;335;0;0;0;0;0;0;0;0;0;0;0;0;0;0;0;0;0;0;0;0;0;0;0;0;0;0;0;0;0;0;0;0;0;0;0;0;0;115;0;938;2;4415;1149
08/08/2025;0;0;0;0;0;0;0;985;0;0;0;0;0;0;0;0;0;0;7;0;0;0;792;0;0;0;0;0;1084;0;0;0;0;0;0;0;0;0;0;0;0;0;0;888;0;0;0;108;5;0;1;0;0;0;0;0;0;0;0;1138;44;0;0;0;0;0;0;0;0;1;0;0;0;254;2;0;430;0;60;0;0;127;0;0;0;0;0;0;205;816;0;0;0;0;6;0;0;0;0;0;0;0;0;0;0;0;0;0;0;0;0;0;0;1476;0;0;0;0;0;0;0;0;0;0;0;0;258;736;0;0;0;6734;1395
07/08/2025;0;0;0;0;0;0;0;980;0;0;0;0;0;0;0;0;0;0;17;0;0;0;817;0;0;0;0;0;1171;0;0;0;0;0;0;0;0;0;0;0;0;0;0;0;0;0;0;738;1;0;338;0;0;0;0;0;0;0;124;1147;3;0;0;0;0;0;4;0;0;31;0;0;0;191;50;0;450;0;0;0;0;140;0;0;0;0;0;188;905;3;0;0;0;0;0;0;0;0;0;0;0;0;0;0;0;0;0;0;0;0;0;0;2;1483;0;0;0;0;0;0;0;0;0;0;0;0;1079;7;0;0;0;6469;1439
06/08/2025;0;0;0;0;0;1;0;994;2;0;1;0;0;0;0;0;0;0;92;0;0;0;734;0;0;0;0;0;1190;0;0;0;0;0;0;0;0;0;0;0;0;0;0;0;0;0;0;0;272;0;846;0;0;0;0;0;0;0;0;952;423;0;0;0;0;0;1;0;0;44;0;0;0;0;237;5;423;0;0;0;0;131;0;0;0;0;0;996;0;1;0;0;0;0;24;0;0;0;0;0;1;0;0;0;0;0;0;0;0;0;0;0;12;1470;0;0;0;0;0;0;0;0;0;0;0;0;457;510;0;0;1;6756;1513
05/08/2025;0;0;0;0;0;4;0;898;1;0;47;0;0;0;0;0;0;0;849;0;0;0;0;0;0;0;0;0;1012;0;0;0;0;0;0;0;0;0;0;0;0;0;0;0;0;0;0;0;1118;0;1;0;0;0;0;0;0;0;0;0;1354;0;0;0;0;0;2;0;0;34;0;0;0;0;274;383;64;0;2;0;0;144;0;0;0;0;0;1088;0;6;0;0;0;0;109;0;0;0;0;0;5;0;0;0;0;0;0;0;0;0;0;0;1400;27;0;0;0;0;0;0;0;0;0;0;0;0;0;958;0;0;5;7020;1462
04/08/2025;0;0;0;0;0;2;0;0;5;0;924;0;0;0;0;0;0;0;902;0;0;0;13;0;0;0;0;0;0;0;0;0;0;0;0;0;0;0;0;0;0;0;0;0;0;0;0;0;1064;0;2;0;0;0;0;0;0;0;0;0;1201;0;0;0;0;0;72;1;0;0;0;0;0;0;265;354;0;0;139;0;0;110;0;0;0;0;0;908;0;162;0;0;0;0;1377;0;0;0;0;0;0;0;0;0;0;0;0;0;0;0;0;0;1413;0;0;0;0;0;0;0;0;0;0;0;0;0;0;876;136;0;3;5524;1099
01/08/2025;0;0;0;0;0;396;0;0;0;0;1041;0;0;0;0;0;0;0;1101;0;0;0;2;0;0;0;0;0;0;0;0;0;0;0;0;0;0;0;0;0;0;0;0;0;0;0;0;11;1328;0;1;0;0;0;0;0;0;0;0;0;0;0;0;0;0;0;1636;3;0;0;0;0;0;0;373;0;0;0;761;0;0;72;0;0;0;0;0;0;0;1193;0;0;0;0;1656;0;0;0;0;0;0;0;0;0;0;0;0;0;0;0;0;0;1312;0;0;0;0;0;0;0;0;0;0;0;0;0;0;0;1347;0;3;7307;1577
31/07/2025;0;0;0;0;0;1162;1;1;0;0;763;0;0;0;0;0;0;0;548;0;0;0;70;0;0;0;0;0;0;0;0;0;0;0;0;0;0;0;0;0;0;0;0;0;0;0;0;907;10;0;0;0;0;0;0;0;0;0;0;0;0;0;0;0;0;0;1028;3;0;0;0;0;0;0;166;0;0;1;274;0;0;88;0;0;0;0;0;0;0;696;0;0;0;0;992;0;0;0;0;0;1;0;0;0;0;0;0;0;0;0;0;0;0;0;0;0;0;0;0;0;0;0;0;0;0;0;0;0;1063;0;8;6718;1527
30/07/2025;0;0;1;0;0;1010;2;255;314;12;441;0;0;0;0;0;0;0;1;0;0;0;843;0;0;0;0;0;0;0;0;0;0;0;0;0;0;0;0;0;0;0;0;0;0;1;0;281;573;0;36;0;0;0;0;0;0;0;0;0;0;0;0;0;0;0;1198;3;0;0;0;0;0;0;267;0;0;44;462;0;0;92;3;0;0;0;0;0;0;804;0;0;0;0;1344;0;0;0;0;0;79;0;0;0;0;0;0;0;0;0;0;0;0;0;0;0;0;0;0;0;0;0;0;0;0;0;1;0;395;0;827;7312;1393
29/07/2025;0;0;124;0;0;0;0;0;574;630;0;0;0;0;0;0;0;0;0;0;0;0;823;0;0;0;0;0;77;0;0;0;0;0;0;0;0;0;0;0;0;0;0;0;0;0;0;12;0;0;764;0;0;0;0;0;0;0;0;0;0;0;0;0;0;0;1359;9;0;0;0;0;0;0;220;0;0;60;449;0;0;0;4;0;0;0;0;0;0;797;0;0;0;0;1041;0;0;0;0;0;788;0;0;0;0;0;0;0;0;0;0;0;0;0;0;0;0;0;0;0;0;0;0;0;0;0;0;0;29;0;1217;7162;1293
28/07/2025;0;0;1175;0;0;353;234;0;187;0;0;0;0;0;0;0;0;0;0;0;0;0;342;0;0;0;0;0;569;0;0;0;0;0;0;0;0;0;0;0;0;0;0;0;0;0;0;829;0;0;49;0;0;0;0;0;0;0;0;0;0;0;0;0;0;0;94;1012;0;0;0;0;0;0;113;0;0;0;291;0;0;0;3;0;0;0;0;0;0;545;0;0;2;0;0;0;0;0;0;0;0;0;0;0;0;0;0;0;0;0;0;0;0;0;0;0;0;0;0;0;0;0;0;0;0;0;0;0;294;0;517;3807;1007
05/07/2025;0;0;0;0;0;0;0;0;0;0;0;0;0;0;0;0;0;0;0;0;0;0;0;0;0;0;0;0;0;0;0;0;0;0;0;0;0;0;0;0;0;0;105;5;0;2;2;1000;0;0;1;0;0;0;0;0;0;0;0;0;2;0;0;0;0;0;0;0;0;1;0;0;1;0;227;0;0;0;488;0;5;0;0;0;0;0;0;0;10;631;0;0;1164;0;0;0;0;0;0;0;0;0;0;0;0;0;0;0;0;0;0;0;0;0;0;0;0;0;0;0;0;0;0;0;0;0;156;1;843;0;0;4259;957
04/07/2025;0;0;1218;0;0;903;0;0;0;0;0;5;0;653;0;0;0;0;1;0;1;0;1;0;0;0;0;0;1043;0;0;0;0;0;0;0;0;0;0;0;0;0;719;344;0;0;0;0;0;0;0;0;0;0;0;0;0;0;0;0;112;0;0;0;0;0;0;0;0;186;0;0;1;0;269;0;0;1;530;2;63;0;0;0;0;0;0;0;67;570;0;0;1165;0;6;0;0;0;0;0;0;0;0;0;0;0;0;0;0;0;0;0;79;2;0;0;0;0;0;0;0;0;0;0;0;0;1064;236;0;0;0;6353;1292
03/07/2025;0;0;0;0;0;990;0;2;0;0;0;180;0;493;0;0;0;0;7;0;0;0;3;0;0;0;0;0;1024;0;81;0;0;0;0;0;0;0;0;0;0;0;0;979;0;111;0;0;1;0;11;0;0;0;0;0;0;0;0;4;1287;0;0;0;0;0;0;0;0;0;0;0;117;0;145;0;0;0;520;15;65;1;0;0;0;0;0;1;656;1;0;0;0;0;0;0;0;0;0;0;0;0;0;0;0;0;0;0;0;0;0;0;1334;134;0;0;0;0;0;0;0;0;0;0;0;0;3;1556;1;1;0;6880;1500
02/07/2025;0;0;0;0;0;1068;0;101;7;2;1;375;0;0;0;0;0;0;0;0;0;0;0;0;0;0;0;0;0;0;1022;0;57;0;0;0;0;0;0;0;0;0;0;0;0;401;647;0;0;0;0;0;0;0;0;0;0;0;2;736;431;0;0;0;0;0;0;1;0;0;0;0;139;0;118;0;175;3;293;13;1;103;0;0;0;0;0;0;644;6;0;0;0;0;63;0;0;0;0;0;0;0;0;0;0;0;0;0;3;2;0;0;0;1325;0;0;0;0;0;0;0;0;0;0;0;0;0;1337;161;5;4;6733;1577
01/07/2025;0;0;0;0;0;1570;0;985;10;0;7;0;0;0;0;0;0;0;4;0;0;0;12;0;0;0;0;0;0;0;0;0;1333;0;0;0;0;0;0;0;0;0;0;0;0;0;911;0;52;0;260;0;0;0;0;0;0;0;102;1397;0;0;0;0;0;0;0;4;0;0;0;0;0;0;351;0;0;2;585;2;0;212;0;0;0;0;0;0;1;958;0;0;0;0;1056;0;0;0;0;0;0;0;0;0;0;0;0;0;0;0;0;0;0;0;0;0;0;0;0;0;0;0;0;0;0;0;0;0;1157;532;5;7248;1458
30/06/2025;0;0;0;0;0;79;0;788;1134;0;0;0;0;0;0;0;0;0;3;0;0;0;6;0;0;0;0;0;0;0;0;0;844;0;0;0;0;0;0;0;0;0;0;0;0;0;0;0;1;0;876;0;0;0;0;0;0;0;1041;0;0;0;0;0;0;0;0;5;0;0;0;0;0;0;155;5;0;2;264;0;0;78;0;0;0;0;0;0;0;808;0;0;0;0;736;0;0;0;0;0;0;0;0;0;0;0;0;0;0;0;0;0;0;0;0;0;0;0;0;0;0;0;0;0;0;0;0;0;0;778;0;6050;1251
28/06/2025;0;0;0;0;0;2;0;923;1492;0;0;1;0;0;0;0;0;0;0;0;0;0;0;0;0;0;0;0;0;0;0;0;0;0;0;0;0;0;0;0;0;0;0;0;0;0;0;0;0;0;1026;0;0;0;0;0;0;0;1129;0;0;0;0;0;0;0;0;94;0;0;0;0;1;1;231;0;0;13;483;0;0;82;1;0;0;0;0;1;0;1083;0;0;0;0;0;0;0;0;0;0;0;0;0;0;0;0;0;0;0;0;0;0;0;0;0;0;0;0;0;0;0;0;0;0;0;0;0;0;0;777;305;6981;1384
27/06/2025;0;0;0;0;0;26;0;909;1337;3;4;0;0;0;0;0;0;0;3;0;0;0;77;0;0;0;0;0;0;0;0;0;748;0;0;0;0;0;0;0;0;0;0;0;0;0;0;0;0;0;1099;0;0;0;0;0;0;0;0;0;0;0;0;0;0;0;0;1323;0;0;0;0;0;0;244;0;0;128;417;1;0;0;0;0;0;0;0;3;0;1140;0;0;0;0;845;0;0;0;0;0;0;0;0;0;0;0;0;0;5;0;0;0;0;0;0;0;0;0;0;0;0;0;0;0;0;0;6;0;0;0;1104;6992;1640
26/06/2025;0;0;0;0;0;1134;0;832;486;4;126;0;0;0;0;0;0;0;0;0;11;0;908;0;0;0;0;0;0;0;0;0;0;0;0;0;0;1;1;0;0;0;0;0;0;0;0;0;0;0;1077;0;0;0;0;0;0;0;2;0;0;0;0;0;0;0;0;1153;0;0;0;0;0;0;258;0;0;141;465;0;0;1;1;0;0;0;0;29;0;691;0;0;5;0;1390;0;0;0;0;0;0;0;0;0;0;0;0;0;3;1;0;0;0;0;0;0;0;0;0;0;0;0;0;0;0;0;1;9;0;0;746;7219;1627
25/06/2025;0;0;0;0;0;2523;0;4;12;0;915;0;0;0;0;0;0;0;0;0;0;0;825;0;0;0;0;0;0;0;0;0;0;0;0;0;0;9;9;0;0;0;0;0;0;0;0;0;0;0;1099;0;0;0;0;0;0;0;0;0;0;0;0;0;0;0;0;0;0;0;0;0;0;0;242;0;0;45;449;26;3;0;0;0;0;0;0;858;0;4;0;0;0;0;1201;0;2;0;0;0;0;0;0;0;0;0;0;0;0;0;0;0;0;0;0;0;0;0;0;0;0;0;0;0;0;0;1;114;1;1;1140;7440;1557
24/06/2025;0;0;0;0;0;1963;1;6;608;0;918;0;0;0;0;0;0;0;62;0;0;0;692;0;0;0;0;0;0;0;1;0;2;0;0;0;0;0;0;0;0;0;0;0;0;0;0;0;0;0;1057;0;0;0;0;0;0;0;0;0;0;0;0;0;0;0;0;0;0;0;0;0;0;0;238;0;0;0;468;21;22;0;27;0;0;0;0;156;0;619;0;0;0;0;1280;10;18;0;0;0;0;1;0;0;0;0;0;0;0;0;0;0;0;0;0;0;0;0;0;0;0;0;0;0;0;0;568;636;0;0;0;7435;1666
23/06/2025;0;0;0;0;0;1385;0;120;1025;0;790;0;0;0;0;0;0;0;821;0;2;0;0;0;0;0;0;0;0;0;0;0;82;0;0;0;0;0;0;0;0;0;0;0;0;0;0;0;105;0;894;0;0;0;0;0;0;0;82;0;0;0;0;0;0;0;0;2;0;0;0;0;0;0;248;5;0;0;491;0;29;0;25;0;0;0;0;221;0;627;0;0;2;0;1019;0;0;0;0;0;1;1;0;0;0;0;0;0;0;0;0;0;1;8;0;0;0;0;0;0;0;0;0;0;0;0;1093;0;0;0;111;5847;1308
18/06/2025;0;0;0;0;0;170;52;968;1279;0;0;0;0;6;0;0;0;0;727;0;3;0;0;0;0;0;0;0;2;0;4;0;1063;0;0;0;0;0;0;0;0;0;0;0;0;0;0;2;1172;0;0;0;0;0;0;0;0;0;1134;0;0;0;0;0;0;0;0;1;0;0;0;0;0;0;257;0;0;0;531;0;79;0;0;0;0;0;0;1067;1;0;0;0;122;0;0;0;0;0;0;0;0;0;0;0;0;0;0;0;0;0;0;0;0;1;0;0;0;0;0;0;0;0;0;0;0;0;0;0;15;0;1036;6788;1669
17/06/2025;0;4;144;0;0;0;0;899;1174;254;0;0;0;1;0;0;0;0;823;0;7;0;0;0;0;0;0;0;4;0;5;0;1069;0;0;0;0;0;0;0;0;0;0;0;1;0;1;0;1158;0;0;0;0;0;0;0;0;0;0;0;0;0;0;0;0;0;1;134;0;0;0;0;0;0;273;0;0;0;534;0;59;0;0;0;0;0;0;973;0;1;0;0;1266;0;0;0;0;0;0;0;0;1;0;0;0;0;0;0;130;3;0;0;0;0;0;0;0;0;0;0;0;0;0;0;0;0;0;0;28;335;757;6819;1426
16/06/2025;0;1;1519;0;0;0;0;0;240;754;0;1;0;83;0;0;0;0;745;0;0;0;0;0;0;0;0;0;0;0;2;0;1067;0;0;0;0;0;0;0;0;0;0;0;0;1;1;0;981;0;1;0;0;0;0;0;0;0;0;1;0;0;0;0;0;0;41;1153;0;0;0;0;0;0;258;200;0;0;304;0;26;79;0;0;0;0;0;0;0;100;0;0;0;0;0;0;0;0;0;0;1;0;0;0;0;0;0;0;507;254;0;0;0;0;0;0;0;0;0;0;0;0;0;0;0;0;10;0;767;306;0;5713;1077
14/06/2025;0;0;1331;0;0;0;0;0;726;0;0;0;0;479;0;0;0;0;0;0;0;0;0;0;0;0;0;0;0;0;0;0;1058;0;0;0;0;0;0;0;0;0;0;0;0;0;0;0;0;0;0;0;0;0;0;0;0;0;0;0;0;0;0;0;0;0;0;0;0;0;0;0;1;0;227;407;0;0;3;0;0;143;0;0;0;0;0;0;0;0;0;0;0;0;0;0;0;0;0;0;92;30;0;0;0;0;0;0;0;0;0;0;0;1;0;0;0;0;0;0;0;0;0;0;0;0;0;0;0;0;0;3723;871
13/06/2025;0;0;1502;0;0;0;0;0;0;0;0;0;0;574;0;0;0;0;0;0;0;0;0;0;0;0;0;0;0;0;75;0;924;0;0;0;0;0;0;0;0;0;0;0;0;0;0;7;1085;0;0;0;0;0;0;0;0;0;0;0;0;0;0;0;0;0;1340;0;0;0;0;0;1;0;275;448;1;0;5;0;0;148;0;0;0;0;0;2;0;1103;0;0;0;0;0;0;0;0;0;0;948;15;0;0;0;0;0;0;0;0;0;0;0;0;0;0;0;0;0;0;0;0;0;0;0;0;0;0;1105;0;0;6452;1593
12/06/2025;0;0;1436;0;0;0;0;95;0;0;1;10;0;546;0;0;0;0;0;0;0;0;0;0;0;0;0;0;0;0;964;0;0;0;0;0;0;0;0;0;0;0;0;10;0;0;0;701;345;0;0;0;0;0;0;0;0;0;5;13;0;0;0;0;0;0;1284;0;0;0;0;0;1;0;244;396;0;0;8;0;0;130;0;0;0;0;0;16;2;1037;0;0;0;0;0;0;0;0;0;0;431;427;0;0;0;0;0;0;0;0;0;0;0;2;0;0;0;0;0;0;0;0;0;0;0;0;0;0;1030;3;0;6361;1403
11/06/2025;1;0;1274;0;0;1;0;891;0;0;1;234;0;336;0;0;0;0;0;0;1;0;0;0;0;0;0;0;1;0;1056;0;0;0;0;0;0;0;0;0;0;0;0;2;0;1;0;1111;1;0;0;0;0;0;0;0;0;0;3;1;1;0;0;0;0;0;1343;0;0;0;0;0;0;0;265;19;0;0;444;0;0;141;0;0;0;0;0;1052;6;27;0;0;0;0;0;0;0;0;0;0;0;0;0;0;0;0;0;0;0;0;0;0;0;110;0;0;0;0;0;0;0;0;0;0;0;0;2;0;1087;2;0;6959;1538
10/06/2025;0;0;0;0;0;0;0;945;0;0;1;540;0;0;0;0;0;0;0;0;0;0;0;0;0;0;0;0;81;0;978;0;0;0;0;0;0;0;0;0;0;0;0;0;1;1;0;1037;0;0;1;0;0;0;0;0;0;0;0;2;0;0;0;0;0;0;1263;0;0;0;0;0;0;0;242;0;0;0;424;0;0;154;0;0;0;0;0;435;642;0;0;0;0;0;0;0;0;0;0;0;0;0;0;0;0;0;0;0;0;0;0;0;10;1433;0;0;0;0;0;0;0;0;0;0;0;0;0;0;605;477;0;6249;1640
09/06/2025;0;0;0;0;0;0;0;973;1;0;1;403;0;1;0;0;0;0;0;0;33;0;2;0;0;0;0;0;995;0;0;0;0;0;0;0;0;0;0;0;0;0;2;12;0;0;0;1054;0;0;37;0;0;0;0;0;0;0;139;4;4;0;0;0;0;0;1211;0;0;0;0;0;1;0;270;0;0;0;455;0;0;142;0;0;0;0;0;996;0;0;0;0;0;0;0;0;0;0;0;0;0;0;0;0;0;0;0;0;0;0;0;0;0;1494;0;0;0;0;0;0;0;0;0;0;0;0;105;0;8;1115;0;5203;1322
07/06/2025;0;0;2;0;0;8;0;904;12;0;17;0;0;0;0;0;0;0;0;0;0;0;0;0;0;0;0;0;0;0;0;0;0;0;0;0;0;0;0;0;0;0;1;934;0;0;1;0;0;0;27;0;0;0;0;0;0;0;1221;124;8;0;0;0;0;0;0;0;0;0;0;0;4;0;218;0;0;0;406;0;0;132;0;0;0;0;0;0;0;1;0;0;0;0;0;0;0;0;0;0;0;0;0;0;0;0;0;0;0;0;0;0;10;1342;0;1;0;0;0;0;0;0;0;0;0;0;1039;2;8;1069;1;6851;1461
06/06/2025;0;0;0;0;0;0;0;959;0;0;0;0;0;0;0;0;0;0;0;0;588;0;0;0;0;0;0;0;1222;0;0;0;0;0;0;0;0;0;0;0;0;0;6;1110;0;1;0;0;1;0;0;0;0;0;0;0;0;0;0;1362;3;0;0;0;0;0;0;0;0;0;0;0;260;0;14;0;41;0;422;0;0;131;0;0;0;0;0;0;0;0;0;0;0;0;0;0;0;0;0;0;0;0;0;0;0;0;0;0;0;0;0;0;2;1335;0;96;0;0;0;0;0;0;0;0;0;0;1117;0;925;193;0;6301;1555
05/06/2025;0;0;0;0;0;0;0;899;0;0;14;0;0;0;0;0;0;0;0;0;834;0;13;0;0;0;0;0;1168;0;0;0;0;0;0;0;0;0;0;0;0;0;211;818;0;0;0;0;0;0;2;0;0;0;0;0;0;0;1;1350;5;0;0;0;0;0;1;0;0;5;0;0;253;0;0;0;429;0;0;0;0;134;0;0;0;0;0;0;0;0;0;0;0;0;0;0;0;0;0;0;0;0;0;0;0;0;0;0;0;0;0;0;1090;334;0;0;0;0;0;0;0;0;0;0;0;0;1055;59;1133;0;2;5729;1585
04/06/2025;92;8;0;0;0;0;0;0;0;0;958;0;0;0;0;0;0;0;0;0;840;0;14;0;0;0;0;0;1195;0;0;0;0;0;0;0;0;0;0;0;0;0;992;0;1;0;0;0;0;0;0;0;0;0;0;0;0;0;0;409;968;0;0;0;0;0;0;0;0;105;0;0;236;0;41;1;440;0;0;0;0;151;0;0;0;0;0;0;0;0;0;0;0;0;0;0;0;0;0;0;0;0;0;0;0;0;0;0;0;0;0;0;1467;0;0;0;0;0;0;0;0;0;0;0;0;0;0;1012;1052;0;2;6813;1606
03/06/2025;281;787;0;0;0;1;0;4;0;0;955;0;0;0;0;0;0;0;0;0;80;0;651;0;0;0;0;0;1127;0;0;0;0;0;30;0;0;0;0;0;0;0;0;0;1;1;18;0;0;0;0;0;0;0;0;0;0;0;0;0;1354;0;0;0;0;0;0;0;0;97;0;0;0;0;265;242;230;0;0;0;0;153;1;0;0;0;0;1;0;0;0;0;0;0;0;0;0;0;0;0;0;0;0;0;0;0;0;0;0;0;0;0;1374;0;87;0;0;0;0;0;0;0;0;0;0;0;0;948;1001;0;115;6731;1568
02/06/2025;0;0;0;0;0;79;4;0;0;0;930;1;0;0;0;0;0;0;0;0;4;0;831;0;0;0;0;0;1183;0;0;0;0;0;0;0;0;0;0;0;0;0;0;0;390;392;158;0;0;0;64;0;0;0;0;0;0;0;0;0;1192;0;0;0;0;0;0;0;0;0;0;0;0;0;251;428;2;0;0;0;0;117;0;0;0;0;0;3;0;124;0;0;0;0;0;0;0;0;0;0;0;0;0;0;0;0;0;0;0;0;0;0;1343;0;0;0;0;0;0;0;0;0;0;0;0;0;0;954;0;0;1043;5071;1312
30/05/2025;0;0;0;0;0;1423;51;0;0;0;989;5;0;17;0;0;0;0;0;0;0;0;835;0;0;0;0;0;1201;0;0;0;0;0;0;0;0;0;0;0;0;0;0;0;0;0;0;0;0;0;1130;0;0;0;0;0;0;0;0;0;1340;0;0;0;0;0;0;0;0;0;0;0;0;0;267;504;0;0;0;0;0;97;0;0;0;0;0;354;0;922;0;0;0;0;0;0;0;0;0;0;0;0;0;0;0;0;0;0;0;0;0;0;0;0;0;0;0;0;0;0;0;0;0;0;0;0;0;0;0;0;939;6597;1480
29/05/2025;0;0;0;0;0;1414;0;54;0;0;855;0;0;0;0;0;0;0;0;0;0;0;824;0;0;0;0;0;1150;0;0;0;0;0;0;0;0;0;0;0;0;0;0;0;0;0;0;0;0;0;1069;0;0;0;0;0;0;0;0;0;1291;0;0;0;0;0;0;0;0;0;0;0;0;0;236;424;0;0;2;0;0;140;0;0;0;0;0;274;0;819;0;0;0;0;0;0;0;0;0;0;0;0;0;0;0;0;0;0;0;0;0;0;0;0;0;0;0;0;0;0;0;0;0;0;0;0;1;0;0;0;1013;6596;1696
28/05/2025;0;0;0;0;0;1501;0;959;2;0;0;13;0;3;0;0;0;0;1;0;0;0;841;0;0;0;0;0;1188;0;0;0;1;0;0;0;0;0;0;0;0;0;0;0;0;0;0;0;1;0;1132;0;0;0;0;0;0;0;0;0;1247;0;0;0;0;0;124;6;0;0;0;0;0;0;223;240;3;0;206;0;0;129;0;0;0;0;0;1;0;1314;0;0;0;0;0;0;0;0;0;0;0;0;0;0;0;0;0;0;8;0;0;0;0;0;0;0;0;0;0;0;0;0;0;0;0;0;0;96;1;3;804;7093;1605
27/05/2025;0;0;0;0;0;700;0;979;800;0;4;0;0;0;0;0;0;0;0;0;3;0;839;0;0;0;0;0;1233;0;0;0;3;0;0;0;0;0;0;0;0;0;0;0;0;0;0;0;9;0;1182;0;0;0;0;0;0;0;0;0;0;0;0;0;0;0;721;653;0;0;0;0;1;0;266;0;1;0;469;0;0;132;0;0;0;0;0;192;0;1119;0;0;0;0;0;0;0;0;0;0;0;0;0;0;0;0;0;0;0;0;0;0;0;0;0;0;0;0;0;0;0;0;0;0;0;0;0;883;0;0;0;6854;1697
26/05/2025;0;0;0;0;0;4;0;1006;1492;1;18;0;0;0;0;0;0;0;0;0;8;0;835;0;0;0;0;0;1199;0;0;0;11;0;0;0;0;0;0;0;0;0;0;0;0;0;0;0;587;0;503;0;0;0;0;0;0;0;0;0;0;0;0;0;0;0;0;1339;0;0;0;0;0;0;282;8;0;1;449;0;0;126;1;0;0;0;0;1252;0;0;0;0;15;0;0;0;0;0;0;0;0;0;0;0;0;0;0;0;0;0;0;0;0;1;0;0;0;0;0;0;0;0;0;0;0;0;3;773;132;0;17;6047;1411
23/05/2025;0;0;0;0;0;2;0;991;1508;0;1;0;0;0;0;0;0;0;0;0;6;0;758;0;0;0;0;0;1120;0;0;0;0;0;0;0;0;0;0;0;0;0;0;0;0;0;0;0;1097;0;0;0;0;0;0;0;0;0;0;0;0;0;0;0;0;0;0;1362;0;0;0;0;0;0;246;119;263;3;13;0;0;113;0;0;0;0;0;908;0;0;0;0;12;0;0;0;0;0;0;0;0;0;0;0;0;0;0;0;0;0;0;0;0;0;0;0;0;0;0;0;0;0;0;0;0;0;0;0;946;0;5;7194;1557
22/05/2025;0;0;0;0;0;2;0;984;1476;1;0;26;0;55;0;0;0;0;0;0;0;0;540;0;0;0;0;0;1007;0;0;0;88;0;0;0;0;0;0;0;0;0;0;0;0;0;0;0;1194;0;11;0;0;0;0;0;0;0;0;0;0;0;0;0;0;0;2;907;0;0;0;0;0;0;253;0;475;38;0;0;0;103;0;0;0;0;0;586;515;0;0;0;412;0;0;0;0;0;0;0;0;0;0;0;0;0;0;0;0;0;0;0;0;0;0;0;0;0;0;0;0;0;0;0;0;0;1;0;304;0;822;6958;1710
21/05/2025;0;0;0;0;0;123;0;987;583;768;1;384;0;52;0;0;0;0;0;0;1;0;0;0;0;0;0;0;0;0;0;0;967;0;0;0;0;0;0;0;0;0;0;0;0;0;0;238;909;0;5;0;0;0;0;0;0;0;0;0;0;0;0;0;0;0;0;0;0;0;0;0;0;0;242;0;433;113;0;0;0;0;0;0;0;0;0;0;966;15;0;0;1331;0;0;0;0;0;0;0;0;0;0;0;0;0;0;0;0;0;0;0;0;0;0;0;0;0;0;0;0;0;0;0;0;0;0;0;0;0;1195;6823;1585
20/05/2025;0;0;0;0;0;1506;0;951;0;0;10;399;0;2;0;0;0;0;0;0;2;0;0;0;0;0;0;0;0;0;0;0;980;0;0;0;0;0;0;0;0;0;0;0;0;0;0;0;331;0;823;0;0;0;0;0;0;0;0;5;1;0;0;0;0;0;1;0;0;0;0;0;0;0;257;0;488;83;0;1;1;1;0;0;0;0;0;1;0;986;0;0;1344;0;0;0;0;0;0;0;0;1;0;0;0;0;0;0;96;0;0;0;0;0;0;0;0;0;0;0;0;0;0;0;0;0;0;0;0;2;1171;6743;1724
19/05/2025;0;0;4;0;0;1427;0;478;0;0;414;298;0;7;0;0;0;0;3;0;87;0;3;0;0;0;0;0;0;0;0;0;928;0;0;0;0;0;0;0;0;0;0;0;0;0;1;0;0;0;1033;0;0;0;0;0;0;0;1;0;11;0;0;0;0;0;117;0;0;0;0;0;0;0;223;1;475;27;0;0;21;3;0;0;0;0;0;0;1;103;0;0;1155;0;4;0;0;0;0;0;1;0;0;0;0;0;0;0;684;0;0;0;0;0;0;0;0;0;0;0;0;0;0;0;0;0;7;0;0;219;956;5766;1237
16/05/2025;2;7;95;0;0;1365;0;0;1;0;1012;0;0;10;0;0;0;0;18;0;828;0;3;0;0;0;0;0;0;0;1;0;1144;0;0;0;0;0;0;0;0;0;0;0;0;0;0;0;0;0;1070;0;0;0;0;0;0;0;0;0;0;0;0;0;0;0;1295;0;0;0;0;0;0;0;253;1;537;0;0;2;77;0;0;0;0;0;0;0;2;846;0;0;0;0;1;0;0;0;0;0;0;0;0;0;0;0;0;0;0;0;0;0;0;0;0;0;0;0;0;0;0;0;0;0;0;0;1;2;0;1257;0;6097;1569
15/05/2025;0;4;1491;0;0;0;0;0;7;0;986;0;0;8;0;0;0;0;49;0;675;0;1;0;0;0;0;0;1;0;5;0;1070;0;0;0;0;0;0;0;0;0;7;1;0;0;0;0;3;0;1015;0;0;0;0;0;0;0;0;0;1;0;0;0;0;0;1310;1;0;10;0;0;0;0;251;239;266;0;0;1;62;0;0;0;0;0;0;0;9;804;0;0;0;0;5;0;0;0;0;0;0;0;0;0;0;0;0;0;0;0;0;0;0;0;0;0;0;0;0;0;0;0;0;0;0;0;2;123;0;1131;0;6618;1413
14/05/2025;6;994;1450;0;0;0;0;0;1;0;961;0;0;24;0;0;0;0;811;0;0;0;0;0;0;0;0;0;0;0;72;0;1000;0;0;0;0;0;0;0;0;0;0;1;0;0;0;0;0;0;0;0;0;0;0;0;0;0;0;2;138;0;0;0;0;0;1233;4;0;200;0;0;0;0;270;526;0;0;4;39;26;2;0;0;0;0;0;2;446;360;0;0;0;0;0;0;0;0;0;0;1;0;0;0;0;0;0;0;0;0;0;0;0;3;0;0;0;0;0;0;0;0;0;0;0;0;12;1003;0;0;0;6557;1243
13/05/2025;863;167;1369;0;0;1;0;1;0;0;991;2;0;80;0;0;0;0;705;0;0;0;0;0;0;0;0;0;1;0;1184;0;0;0;40;0;0;0;0;0;0;0;0;12;0;0;1;0;0;0;0;0;0;0;0;0;0;0;5;9;1292;0;0;0;0;0;0;0;0;0;0;0;1;0;221;444;0;0;0;54;0;0;0;0;0;0;0;189;644;5;0;0;0;0;0;0;0;0;0;0;127;0;0;0;0;0;0;0;0;0;0;0;0;1;0;0;0;0;0;0;0;0;0;0;0;0;871;465;0;0;0;6765;1660
12/05/2025;0;631;0;0;0;0;0;114;0;0;815;12;0;359;0;0;0;0;100;0;0;0;0;0;0;0;0;0;0;0;896;0;3;0;0;0;0;0;0;0;0;0;0;111;0;0;227;0;0;0;0;0;0;0;0;0;0;0;0;1;1154;0;0;0;0;0;0;0;0;0;0;0;4;0;240;403;0;0;7;14;0;48;0;0;0;0;0;0;821;75;0;0;0;0;0;0;0;0;0;0;1398;0;0;0;0;0;0;0;0;0;0;0;0;2;0;0;0;0;0;0;0;0;0;0;0;0;1283;0;0;0;0;6174;1187
10/05/2025;0;0;0;0;0;0;0;0;0;0;0;36;0;36;0;0;0;0;0;0;0;0;0;0;0;0;0;0;0;0;0;0;0;0;0;0;0;0;0;0;0;0;0;61;0;0;0;0;0;0;0;0;0;0;0;0;0;0;0;0;0;0;0;0;0;0;0;0;0;0;0;0;22;0;177;90;0;0;307;0;0;95;0;0;0;0;0;0;0;759;0;0;0;0;0;0;0;0;0;0;0;0;0;0;0;0;0;0;0;0;0;0;0;0;0;0;0;0;0;0;0;0;0;0;0;0;1053;0;0;0;0;3062;849
09/05/2025;0;0;0;0;0;0;0;900;0;0;1;7;0;13;0;0;0;0;814;0;0;0;2;0;0;0;0;0;4;0;1147;0;0;0;0;0;0;0;0;0;0;0;3;1130;1;1;2;5;0;0;0;0;0;0;0;0;0;0;3;987;229;0;0;0;0;0;0;0;0;0;0;0;269;1;0;0;0;0;467;0;0;129;0;0;0;0;0;0;0;872;0;0;0;0;3;0;0;0;0;0;1104;106;0;0;0;0;0;0;0;0;0;0;0;108;0;0;0;0;0;0;0;0;0;0;0;0;1331;5;0;0;0;7178;1605
08/05/2025;0;0;0;0;0;2;0;953;0;0;1;29;0;16;0;0;0;0;790;0;0;0;0;0;0;0;0;0;75;0;1086;0;0;0;0;0;0;0;0;0;0;0;578;578;1;1;0;2;0;0;0;0;0;0;0;0;0;0;210;1156;0;0;0;0;0;0;0;0;0;0;0;0;263;0;2;0;0;0;467;0;0;135;1;0;0;0;0;2;0;872;0;0;0;0;11;0;0;0;0;0;0;0;0;0;0;0;0;0;0;0;0;0;4;1502;0;0;0;0;0;0;0;0;0;0;0;0;1284;11;1;0;0;7463;1729
07/05/2025;0;1;0;0;0;7;0;976;1;0;1;1;0;3;0;0;0;0;816;0;0;0;0;0;0;0;0;0;1146;0;0;0;0;0;0;0;0;0;0;0;0;0;1003;0;0;0;1;6;110;0;0;0;0;0;0;0;0;0;1360;0;8;0;0;0;0;0;1;0;0;0;0;0;273;2;5;0;0;0;448;0;0;140;1;0;0;0;0;0;0;905;0;0;0;0;5;0;0;0;0;0;0;0;0;1;0;0;0;1;0;0;0;0;6;1437;0;0;0;0;0;0;0;0;0;0;0;0;32;1134;137;0;0;7168;1708
06/05/2025;0;0;0;0;0;7;0;827;3;0;154;13;0;25;0;0;0;0;679;0;0;0;0;0;0;0;0;0;1167;0;0;0;0;0;0;0;0;0;0;0;0;0;0;1;0;0;0;245;906;0;0;0;0;0;0;0;0;0;1334;2;0;0;0;0;0;0;0;0;0;0;0;0;244;0;7;0;0;0;438;0;0;133;0;0;0;0;0;5;0;883;0;0;0;0;0;0;0;0;0;0;0;0;0;0;0;0;0;0;0;0;0;0;1233;245;0;0;0;0;0;0;0;0;0;0;0;0;0;4;1355;0;1;7023;1586
05/05/2025;0;0;0;0;0;843;0;32;520;0;899;150;0;73;0;0;0;0;0;0;0;0;0;0;0;0;0;0;888;0;0;0;0;0;0;0;0;0;0;0;0;0;0;0;0;0;0;1072;0;0;5;0;0;0;0;0;0;0;39;1;0;0;0;0;0;0;0;0;0;0;0;0;18;2;239;0;0;0;499;0;1;80;6;0;0;0;0;745;0;91;0;0;0;0;0;0;0;0;0;0;11;0;0;0;0;0;0;0;0;0;0;0;1195;12;15;0;0;0;0;0;0;0;0;0;0;0;0;3;1140;0;8;5650;1246
01/05/2025;0;0;0;0;0;360;0;1;333;0;234;0;0;0;0;0;0;0;0;0;0;0;0;0;0;0;0;0;328;0;0;0;0;0;0;0;0;0;0;0;0;0;2;0;0;0;0;278;0;0;0;0;0;0;0;0;0;0;0;0;0;0;0;0;0;0;0;0;0;0;0;0;0;5;124;0;0;0;286;0;5;3;1;0;0;0;0;198;0;0;0;0;0;0;219;0;0;0;0;0;0;0;0;0;0;0;0;0;0;0;0;0;0;0;0;0;0;0;0;0;0;0;0;0;0;0;0;0;279;0;0;791;248
30/04/2025;0;0;0;0;0;1059;0;18;902;0;701;0;0;0;0;0;0;0;0;0;0;0;0;0;0;0;0;0;912;0;0;0;0;0;0;0;0;0;0;0;0;0;1;0;0;0;0;851;0;0;3;0;0;0;0;0;0;0;0;0;0;0;0;0;0;0;94;1;0;0;0;0;0;41;94;0;0;0;321;0;0;8;1;0;0;0;0;718;0;1;0;0;0;0;639;0;0;0;0;0;0;0;0;0;0;0;0;0;0;0;0;0;0;0;0;0;0;0;0;0;0;0;0;0;0;0;0;0;1008;0;2;7466;1729
29/04/2025;0;0;0;0;0;1431;0;46;53;0;920;0;0;0;0;0;0;0;2;0;7;0;0;0;0;0;0;0;1200;0;3;0;3;0;0;0;0;0;0;0;0;0;0;1;0;0;0;246;1;0;883;0;0;0;0;0;0;0;0;0;1;0;0;0;0;0;1385;5;0;0;0;0;0;255;1;0;0;0;541;0;3;80;3;0;0;0;0;933;0;4;0;0;2;0;856;0;0;0;0;0;0;0;0;0;0;0;2;2;0;0;10;9;1;0;0;0;0;0;17;0;18;0;0;0;0;0;0;0;1349;0;0;7150;1592
28/04/2025;0;0;0;0;0;731;0;932;742;0;63;0;0;0;0;0;0;0;0;0;0;0;0;0;0;0;0;0;1176;0;0;0;0;0;0;0;0;0;0;0;0;0;0;83;0;0;0;1;0;0;1088;0;0;0;0;0;0;0;0;0;0;0;0;0;0;0;222;1111;0;0;0;0;0;216;32;0;0;0;493;0;17;52;0;0;0;0;0;606;0;287;0;0;0;0;912;0;0;0;0;0;0;0;0;0;0;0;0;0;0;0;1;0;0;0;0;0;0;0;0;0;0;0;0;0;0;0;0;0;1316;0;0;6315;1329
25/04/2025;0;0;0;0;0;1415;0;214;35;0;735;0;0;0;0;0;0;0;0;0;0;0;0;0;0;0;0;0;1154;0;82;0;0;0;0;0;0;0;0;0;0;0;2;1035;0;0;0;91;0;0;1;0;0;0;0;0;0;0;0;0;0;0;0;0;0;0;0;1335;0;0;0;0;0;4;240;0;0;0;551;0;5;0;0;0;0;0;0;867;0;6;0;0;0;0;824;0;0;0;0;0;0;0;0;0;0;0;0;0;0;0;0;0;0;0;0;0;0;0;0;0;0;0;0;0;0;0;6;0;629;0;678;7585;1217
24/04/2025;0;0;0;0;0;89;0;947;1443;0;1;0;0;0;0;0;0;0;0;0;0;0;1;0;0;0;0;0;0;0;1122;0;0;0;0;0;0;0;0;0;0;0;0;1;0;0;0;801;196;0;118;0;0;0;0;0;0;0;0;0;0;0;0;0;0;1;1;1206;0;0;0;0;0;166;89;3;0;0;555;0;54;0;0;0;0;0;0;876;0;2;0;0;2;0;944;0;0;0;0;0;0;0;0;0;0;0;0;0;0;0;0;0;0;0;0;0;0;0;0;0;0;0;0;0;0;0;1;4;0;0;1316;7077;1437
23/04/2025;0;0;1;0;0;1159;0;914;1417;1;0;0;0;0;0;0;0;0;0;0;0;0;0;0;0;0;0;0;0;0;1016;0;39;0;0;0;0;0;0;0;0;0;0;3;0;0;0;0;0;0;1153;0;0;0;0;0;0;0;0;27;0;0;0;0;0;0;0;0;0;0;0;0;0;247;0;483;0;0;76;0;62;1;0;0;0;0;0;778;67;2;0;0;2;0;860;0;0;0;0;0;0;0;0;1;0;0;1;0;0;0;0;0;0;0;0;0;3;0;0;0;0;0;0;0;0;0;0;2;2;0;1259;6707;1288
22/04/2025;0;0;1;0;0;595;0;453;581;0;319;0;0;0;0;0;0;0;0;0;1;0;0;0;0;0;0;0;0;0;1;0;947;0;0;0;0;0;0;0;0;0;1;5;0;0;0;6;0;0;1152;0;0;0;0;0;0;0;0;1319;11;0;0;0;0;0;0;0;0;0;0;0;0;240;1;36;0;0;454;0;29;31;0;0;0;0;0;146;567;143;0;0;3;0;970;0;0;0;0;0;0;0;12;14;0;0;5;16;0;0;3;0;0;2;0;0;6;0;0;9;0;0;0;0;0;0;0;3;0;0;1303;6199;1112
17/04/2025;0;0;116;0;0;1264;0;2;0;0;922;0;0;0;0;0;0;0;0;0;0;0;0;0;0;0;0;0;0;0;0;0;999;0;0;0;0;0;0;0;0;0;3;69;0;0;0;0;2;0;1078;0;0;0;0;0;0;0;0;665;674;0;0;0;0;0;0;0;0;0;0;0;0;251;0;0;0;0;501;0;0;116;0;0;0;0;0;0;0;822;0;0;0;0;906;0;0;0;0;0;0;0;0;0;0;0;0;0;0;0;0;0;0;0;0;0;0;0;0;0;0;0;0;0;0;0;0;0;1;320;926;6181;1215
16/04/2025;0;0;1455;0;0;1;0;2;0;0;944;0;0;0;0;0;0;0;0;0;0;0;0;0;0;0;0;0;0;0;5;0;1077;0;0;0;0;0;0;0;0;0;5;1140;0;0;0;0;0;0;0;0;0;0;0;0;0;0;0;0;1341;0;0;0;0;0;0;0;0;1;0;0;0;229;0;0;0;0;474;0;0;165;0;0;0;0;0;0;0;864;0;0;0;0;840;0;0;0;0;0;0;0;0;0;0;0;0;0;0;0;0;0;2;1;0;0;0;0;0;0;0;0;0;0;0;0;0;3;4;1270;2;7028;1496
15/04/2025;0;1;1291;0;0;0;0;245;1;0;716;0;0;0;0;0;0;0;1;0;0;0;0;0;0;0;0;0;2;0;0;0;1103;0;1;0;0;0;0;0;0;0;600;569;0;0;0;0;7;0;0;0;0;0;0;0;0;0;0;0;1284;0;0;0;0;0;0;0;0;0;0;0;0;206;1;104;4;1;342;0;0;148;0;0;0;0;0;327;1;496;0;0;1;0;938;0;0;0;0;0;0;0;0;0;0;0;0;0;0;0;0;0;0;126;0;0;0;0;0;0;0;0;0;0;0;0;3;148;0;1073;0;7251;1382
14/04/2025;4;62;1;0;0;7;0;876;2;0;1;0;0;0;0;0;0;0;4;0;4;0;8;0;0;0;0;0;0;0;3;0;1021;0;0;0;0;0;0;0;0;0;1019;0;0;0;0;2;0;0;0;0;0;0;0;0;0;0;0;0;1165;0;0;0;0;0;0;0;0;0;0;0;0;242;15;109;0;0;388;0;0;56;0;0;0;0;0;697;2;23;0;0;3;0;850;0;0;0;3;0;0;0;0;0;0;0;0;0;0;0;0;0;3;1362;0;0;0;0;0;0;0;0;0;0;0;0;4;963;153;0;0;6128;1130
12/04/2025;0;0;0;0;0;0;0;0;0;0;0;0;0;0;0;0;0;0;0;0;0;0;0;0;0;0;0;0;0;0;0;0;0;0;0;0;0;0;0;0;0;0;0;0;0;0;0;0;0;0;0;0;0;0;0;0;0;0;0;0;0;0;0;0;0;0;0;0;0;0;0;0;1;25;436;643;0;0;365;0;0;7;0;0;0;0;0;0;28;368;0;0;0;0;0;0;0;0;0;0;0;0;0;0;0;0;0;0;0;0;0;0;0;0;0;0;0;0;0;0;0;0;0;0;0;0;0;125;458;0;0;3594;706
11/04/2025;18;1211;0;0;0;0;0;909;0;0;0;0;0;0;0;0;0;0;4;0;29;0;0;0;0;0;0;0;0;0;1;0;1070;0;7;0;0;0;0;0;0;0;0;0;0;0;0;1;1;0;1;0;0;0;0;0;0;0;555;0;618;0;0;0;0;0;0;0;0;0;0;0;0;0;523;0;6;2;886;0;0;315;0;0;0;0;0;0;357;6;1;0;110;0;792;0;0;0;0;0;0;0;0;0;0;0;0;0;0;0;0;0;0;1484;0;0;0;0;0;0;0;0;0;0;0;0;1;540;0;0;0;6902;1523
10/04/2025;1051;40;0;0;0;1;0;900;0;0;18;0;0;0;0;0;0;0;2;0;3;0;121;0;0;0;0;0;0;0;1;0;1006;0;52;0;0;0;0;0;0;0;0;0;0;0;0;0;12;0;103;0;0;0;0;0;0;0;0;0;0;0;0;0;0;0;1;1;0;0;0;0;271;0;197;0;728;10;13;0;0;236;0;0;0;0;0;0;386;0;0;0;1311;0;663;0;0;0;0;0;0;0;0;0;0;0;0;0;0;0;0;0;67;1272;0;96;0;0;0;0;0;0;0;0;0;0;111;634;0;2;0;6913;1464
09/04/2025;0;0;0;0;0;78;0;0;1;0;827;0;0;0;0;0;0;0;1;0;145;0;638;0;0;0;0;0;0;0;68;0;911;0;0;0;0;0;0;0;0;0;0;0;0;0;0;47;1153;0;1;0;0;0;0;0;0;0;1;0;0;0;0;0;0;0;5;0;0;4;0;0;399;0;91;2;874;116;3;0;0;0;0;0;0;0;0;2;348;3;0;0;1216;0;0;0;0;0;0;0;0;1;0;0;0;0;0;0;0;0;0;0;1412;1;0;0;0;0;0;0;0;0;0;0;0;0;726;0;4;1;0;6671;1210
08/04/2025;0;0;0;0;0;966;0;0;0;2;1;0;0;0;0;0;0;0;8;0;792;0;0;0;0;0;0;0;0;0;1151;0;0;0;0;0;0;0;0;0;0;0;0;0;0;0;0;1229;1;0;11;0;0;0;0;0;0;0;0;0;0;0;0;0;0;0;0;73;0;166;0;0;0;0;494;45;997;126;4;0;0;0;0;0;0;0;0;1;444;13;0;0;1147;0;0;0;0;0;0;0;0;0;0;0;0;0;0;0;1;0;0;0;1458;0;5;0;0;0;0;0;0;0;0;0;0;0;489;0;0;0;0;7018;1430
07/04/2025;0;0;0;0;0;563;0;104;27;375;1;0;0;0;0;0;0;0;28;0;717;0;6;0;0;0;0;0;0;0;1069;0;2;0;0;0;0;0;0;0;0;0;0;0;0;0;0;1030;156;0;8;0;0;0;0;0;0;0;2;0;0;0;0;0;0;0;236;1034;0;0;0;0;0;0;478;0;706;75;254;0;0;0;0;0;0;0;0;0;112;321;0;0;0;0;2;0;0;0;0;0;0;0;0;0;0;0;0;0;0;0;0;0;1236;0;84;0;0;0;0;0;0;0;0;0;0;0;515;0;157;0;0;5985;1485
04/04/2025;0;0;0;0;0;1;0;856;734;308;13;0;0;0;0;0;0;0;73;0;621;0;0;0;0;0;0;0;11;0;783;0;0;0;0;0;0;0;0;0;0;0;0;0;0;0;0;0;991;0;2;0;0;0;0;0;0;0;0;0;0;0;0;0;0;0;1045;1;0;0;0;0;0;0;435;0;0;0;982;0;0;0;0;0;0;0;0;0;0;277;0;0;0;0;0;0;0;0;1;0;138;0;0;0;0;0;0;0;104;0;0;0;0;0;0;0;0;0;0;0;0;0;0;0;0;0;0;0;507;0;10;6852;1302
03/04/2025;0;0;0;0;0;0;0;18;0;0;965;0;0;0;0;0;0;0;857;0;1;0;9;0;0;0;0;0;1145;0;0;0;0;0;0;0;0;0;0;0;0;0;0;0;0;0;0;0;1078;0;107;0;0;0;0;0;0;0;0;0;3;0;0;0;0;0;1274;2;0;0;0;0;0;0;509;0;0;0;1199;0;0;0;0;0;0;0;0;0;1;101;0;0;1;0;0;0;0;0;0;0;1372;0;0;0;0;0;0;0;291;0;0;0;0;0;0;0;0;0;0;0;0;0;0;0;0;0;1;0;719;0;0;5979;1297
02/04/2025;0;0;0;0;0;122;0;8;0;0;863;0;0;0;0;0;0;0;776;0;0;0;15;0;0;0;0;0;1117;0;0;0;0;0;0;0;0;0;0;0;0;0;0;0;0;0;0;0;0;0;1121;0;0;0;0;0;0;0;0;0;2;0;0;0;0;0;1339;0;0;0;0;0;0;0;531;0;0;0;1167;0;0;0;0;0;0;0;0;1;0;451;0;0;0;0;1;0;0;0;1;0;1210;29;0;0;0;0;0;0;0;0;0;0;0;0;0;0;0;0;0;0;0;0;0;0;0;0;0;0;574;0;4;6208;1316
01/04/2025;0;0;0;0;0;1826;0;138;0;0;1090;0;0;0;0;0;0;0;671;0;0;0;293;0;0;0;0;0;1429;0;0;0;0;0;0;0;0;0;0;0;0;0;0;0;0;0;0;0;0;0;1387;0;0;0;0;0;0;0;1;0;499;0;0;0;0;0;1269;0;0;0;0;0;0;3;611;0;0;0;1408;0;0;0;0;0;0;0;0;33;0;833;0;0;0;0;0;0;0;0;0;0;0;0;0;0;0;0;0;0;0;0;0;0;0;0;0;0;0;0;0;0;0;0;0;0;0;0;0;3;862;0;122;6620;1480
31/03/2025;1;0;2;0;0;1035;0;682;2;0;1;0;0;0;0;0;0;0;49;0;1;0;576;0;0;0;0;0;796;0;0;0;0;0;0;0;0;0;0;0;0;0;0;0;0;0;0;0;12;0;811;0;0;0;0;0;0;0;1;0;988;0;0;0;0;0;0;0;0;0;0;0;0;7;378;0;7;0;657;0;0;0;0;0;0;0;0;270;0;0;0;0;0;0;14;0;0;0;1;0;1;0;0;0;0;0;0;0;0;0;0;0;7;0;0;0;0;0;0;0;0;0;0;0;0;0;0;110;170;0;243;5427;882
28/03/2025;0;0;0;0;0;1416;0;948;1;0;7;0;0;0;0;0;0;0;0;0;0;0;762;0;0;0;0;0;1086;0;0;0;2;0;0;0;0;0;0;0;0;0;0;0;0;0;0;1;0;0;1156;0;0;0;0;0;0;0;2;1;1344;0;0;0;0;0;1;1;0;0;0;0;0;365;67;0;592;0;218;0;0;1;0;0;0;0;0;559;0;2;0;0;0;0;0;0;0;0;0;0;0;0;0;0;0;0;0;0;0;0;0;0;0;0;0;0;0;0;0;0;0;0;0;0;0;0;0;560;1;0;279;6196;1368
27/03/2025;0;0;0;0;0;1158;0;461;208;0;485;0;0;0;0;0;0;0;2;0;0;0;772;0;0;0;0;0;1006;0;0;0;64;0;0;0;0;0;0;0;0;0;0;5;0;0;0;0;0;0;1178;0;0;0;0;0;0;0;258;0;1136;0;0;0;0;0;1;1;0;0;0;0;0;524;2;0;0;0;886;0;0;0;0;0;0;0;0;508;0;74;0;0;3;0;0;0;0;0;5;0;102;1;0;0;0;0;0;0;0;0;0;0;0;0;0;0;0;0;0;0;0;0;0;0;0;0;0;433;190;0;262;6725;1372
26/03/2025;0;0;13;0;0;149;0;0;0;0;898;0;0;0;0;0;0;0;0;0;0;0;742;0;0;0;0;0;1;0;0;0;985;0;0;0;0;0;0;0;0;0;0;0;0;0;0;0;4;0;1141;0;0;0;0;0;0;0;1239;9;0;0;0;0;0;0;0;0;0;0;0;0;0;479;5;0;0;0;852;0;0;0;0;0;0;0;0;146;0;413;0;0;0;0;0;0;0;0;60;0;1199;52;0;0;0;0;0;0;0;0;0;0;0;0;0;0;0;0;0;0;0;0;0;0;0;0;0;0;875;0;0;7021;1192
25/03/2025;0;0;1030;0;0;1278;0;0;0;0;925;0;0;0;0;0;0;0;47;0;1;0;0;0;0;0;0;0;11;0;0;0;773;0;0;0;0;0;0;0;0;0;0;0;0;0;0;6;6;0;1079;0;0;0;0;0;0;0;0;0;0;0;0;0;0;0;0;0;0;0;0;0;2;98;426;0;0;0;885;0;0;0;0;0;0;0;0;514;0;2;0;0;0;0;2;0;0;0;598;0;0;0;0;0;0;0;0;0;0;0;0;0;0;0;0;0;0;0;0;0;0;0;0;0;0;0;0;0;461;0;407;5869;1140
24/03/2025;0;0;1268;0;0;1243;0;2;0;0;865;0;0;0;0;0;0;0;781;0;6;0;0;0;0;0;0;0;1063;0;0;0;0;0;0;0;0;0;0;0;0;0;0;0;0;0;0;0;128;0;943;0;0;0;0;0;0;0;0;0;0;0;0;0;0;0;2;1;0;0;0;0;70;0;462;0;0;0;907;0;0;0;0;0;0;0;0;137;0;419;0;0;0;0;1;0;0;0;0;0;0;0;0;0;0;0;0;0;0;0;0;0;0;0;0;0;0;0;0;0;0;0;0;0;0;0;0;0;415;0;473;5831;908
22/03/2025;0;0;1;0;0;1090;0;0;0;0;2;0;0;0;0;0;0;0;0;0;0;0;0;0;0;0;0;0;0;0;0;0;0;0;0;0;0;0;0;0;0;0;0;0;0;0;0;0;1109;0;0;0;0;0;0;0;0;0;0;0;0;0;0;0;0;0;85;0;0;0;0;0;457;0;26;0;0;0;817;0;0;2;0;0;0;0;0;0;0;530;0;0;9;0;0;0;0;0;0;0;0;0;0;0;0;0;0;0;0;0;0;0;0;0;0;0;0;0;0;0;0;0;0;0;0;0;0;1;786;0;11;4744;1207
21/03/2025;4;6;1378;0;0;0;0;546;0;0;383;0;0;0;0;0;0;0;843;0;0;0;4;0;0;0;0;0;1108;0;0;0;0;0;1;0;0;0;0;0;0;0;0;0;0;0;0;1;1224;0;0;0;0;0;0;0;0;0;0;0;0;0;0;0;0;0;656;689;0;0;0;0;0;0;531;0;0;0;889;0;5;1;0;0;0;0;0;0;0;564;0;6;0;0;0;0;0;0;0;0;0;0;0;0;0;0;0;0;0;0;0;0;0;110;0;0;0;0;0;0;0;0;0;0;0;0;1;0;318;0;554;6472;1259
20/03/2025;0;0;0;0;0;0;0;961;0;0;1;0;0;0;0;0;0;0;758;0;3;0;1;0;0;0;0;0;1141;0;0;0;0;0;0;0;0;0;0;0;0;0;0;0;0;0;0;1;1013;0;0;0;0;0;0;0;0;0;0;0;0;0;0;0;0;0;0;888;0;0;0;0;0;0;525;1;0;0;884;0;2;1;0;0;0;0;0;7;0;566;0;125;505;0;0;0;0;0;0;0;0;0;0;0;0;0;0;0;0;0;0;0;0;1454;0;0;0;0;0;0;0;0;0;0;0;0;1;38;296;0;531;6212;1315
19/03/2025;0;0;0;0;0;0;0;842;0;0;4;0;0;0;0;0;0;0;818;0;5;0;18;0;0;0;0;0;1052;0;0;0;0;0;0;0;0;0;0;0;0;0;5;1;0;0;0;385;714;0;0;0;0;0;0;0;0;0;2;0;4;0;0;0;0;0;0;0;0;0;0;0;0;0;451;4;2;0;869;0;37;2;0;0;0;0;0;4;0;604;0;313;937;0;4;0;0;0;0;0;0;0;0;0;0;0;0;0;0;0;0;0;0;1312;0;0;0;0;0;0;0;0;0;0;0;0;0;369;0;0;410;6689;1475
18/03/2025;0;0;0;0;0;11;0;959;0;0;0;0;0;0;0;0;0;0;779;0;1;0;3;0;0;0;0;0;1047;0;0;0;0;0;0;0;0;0;0;0;0;0;3;8;0;0;0;1134;0;0;2;0;0;0;0;0;0;0;1;0;110;0;0;0;0;0;0;0;0;1;0;0;0;0;0;269;0;0;601;17;119;1;0;0;0;0;0;0;0;679;0;1231;0;0;16;0;0;0;0;0;0;0;0;0;0;0;0;0;0;0;0;0;0;1491;0;0;0;0;0;0;0;0;0;0;0;0;0;647;0;0;455;7096;1148
17/03/2025;0;0;1;0;0;82;0;867;4;0;0;0;0;0;0;0;0;0;610;0;19;0;96;0;0;0;0;0;800;0;1;0;3;0;0;0;0;0;0;0;0;0;1;0;0;0;0;1113;0;0;0;0;0;0;0;0;0;0;107;0;1244;0;0;0;0;0;0;0;0;0;0;0;0;0;0;665;165;0;1;0;23;148;0;0;0;0;0;2;17;658;0;0;0;0;327;0;0;0;0;0;0;0;0;0;0;0;0;0;0;0;0;0;18;1465;0;0;0;0;0;0;0;0;0;0;0;0;4;659;3;0;441;5954;943
14/03/2025;6;0;0;0;0;831;0;0;130;0;0;3;0;5;0;0;0;0;0;0;3;0;423;0;0;0;0;0;5;0;0;0;0;0;0;0;0;0;0;0;0;0;5;0;0;0;0;1186;0;0;5;0;0;0;0;0;0;0;1287;1;0;0;0;0;0;0;0;0;0;39;0;0;0;0;0;0;718;0;1;0;0;301;0;0;0;0;0;0;643;33;0;0;0;0;1062;0;0;0;0;0;0;0;0;0;0;0;0;0;0;0;0;0;1351;79;0;0;0;0;0;0;0;0;0;0;0;0;15;657;1;0;432;7150;1059
13/03/2025;0;0;0;0;0;0;0;0;928;0;0;2;0;0;0;0;0;0;0;0;0;0;609;0;0;0;0;0;0;0;0;0;0;0;0;0;0;0;0;0;0;0;1;787;0;0;0;215;0;0;46;0;0;0;0;0;0;0;766;433;6;0;0;0;0;0;0;0;0;181;0;0;0;0;0;0;681;0;2;0;0;325;0;0;0;0;0;3;546;0;0;0;0;0;1576;0;0;0;0;0;0;0;0;0;0;0;0;0;0;0;0;0;1395;0;0;0;0;0;0;0;0;0;0;0;0;0;557;93;191;0;0;7289;695
12/03/2025;0;3;1;0;0;0;0;0;984;0;0;0;0;0;0;0;0;0;0;0;14;0;618;0;0;0;0;0;0;0;0;0;0;0;0;0;0;0;0;0;0;0;0;1127;0;0;0;0;0;0;11;0;0;0;0;0;0;0;0;1268;2;0;0;0;0;0;0;0;0;0;0;0;0;0;5;0;697;0;2;0;0;345;0;0;0;0;0;327;343;0;0;0;0;0;1661;0;0;0;0;0;0;0;0;0;0;0;0;0;0;0;0;0;1508;0;0;0;0;0;0;0;0;0;0;0;0;0;688;0;435;0;0;7628;1406
11/03/2025;1;83;108;0;0;0;0;3;952;5;0;2;0;0;0;0;0;0;0;0;14;0;564;0;0;0;0;0;0;0;0;0;0;0;0;0;0;0;0;0;0;0;882;139;0;0;0;0;0;0;0;0;0;0;0;0;0;0;1;1352;4;0;0;0;0;0;0;0;0;0;0;0;0;1;3;0;652;0;63;0;0;336;0;0;0;0;0;668;0;0;0;0;0;0;1606;0;0;0;0;0;0;0;0;0;0;0;0;0;0;0;0;0;1277;0;0;0;0;0;0;0;0;0;0;0;0;0;701;0;439;0;0;7425;1283
10/03/2025;633;515;1130;0;0;2;0;5;618;505;0;0;0;0;0;0;0;0;2;0;69;0;546;0;0;0;0;0;0;0;0;0;2;0;0;0;0;0;0;0;0;0;0;0;0;0;0;0;0;0;0;0;0;0;0;0;0;0;1;312;1015;0;0;0;0;0;0;0;0;0;0;0;0;0;67;0;0;0;709;0;0;278;0;0;0;0;0;670;0;0;17;0;0;0;1635;0;0;0;0;0;0;0;0;0;0;0;0;0;0;0;0;0;0;0;0;0;0;0;0;0;0;0;0;0;0;0;629;0;335;111;0;5593;910
08/03/2025;1057;5;0;0;0;0;0;0;0;0;0;0;0;0;0;0;0;0;0;0;0;0;0;0;0;0;0;0;0;0;0;0;0;0;0;0;0;0;0;0;0;0;0;0;0;0;0;0;0;0;0;0;0;0;0;0;0;0;0;0;1320;0;0;0;0;0;0;0;0;0;0;0;0;0;0;0;0;0;0;0;0;0;0;0;0;0;0;617;0;0;0;0;0;0;0;0;0;0;0;0;0;0;0;0;0;0;0;0;0;0;0;0;0;0;0;0;0;0;0;0;0;0;0;0;0;0;0;0;0;408;0;3681;1093
07/03/2025;336;786;1274;0;0;0;0;0;1253;0;0;10;0;3;0;0;0;0;0;0;635;0;0;0;0;0;0;0;0;0;0;0;0;0;0;0;0;0;0;0;0;0;0;0;0;0;0;1;0;0;0;0;0;0;0;0;0;0;2;0;1353;0;0;0;0;0;0;0;0;0;0;0;0;0;529;0;0;0;892;0;0;0;0;0;0;0;0;657;0;1;0;0;0;0;1554;0;0;0;0;0;0;0;0;0;0;0;0;0;0;0;0;0;0;0;0;0;0;0;0;0;0;0;0;0;0;0;338;0;0;445;1;7562;1497
06/03/2025;0;998;1249;0;0;1;0;1;1255;0;0;0;0;0;0;0;0;0;0;0;647;0;2;0;0;0;0;0;0;0;0;0;0;0;0;0;0;0;0;0;0;0;0;0;0;0;0;0;0;0;80;0;0;0;0;0;0;0;0;1;1383;0;0;0;0;0;0;0;0;0;0;0;0;0;532;0;0;0;886;0;0;0;0;0;0;0;0;681;0;1;0;0;0;0;1535;0;0;0;0;0;0;0;0;0;0;0;0;0;0;0;0;0;0;0;0;0;0;0;0;0;0;0;0;0;0;0;351;0;0;459;0;5832;1580
05/03/2025;0;0;1112;0;0;215;0;112;1011;0;0;0;0;0;0;0;0;0;0;0;663;0;5;0;0;0;0;0;1;0;0;0;70;0;0;0;0;0;0;0;0;0;0;0;0;0;0;0;0;0;1169;0;0;0;0;0;0;0;2;0;1301;0;0;0;0;0;0;0;0;0;0;0;0;0;477;0;0;0;856;0;0;0;0;0;0;0;0;625;0;3;0;0;0;0;1217;0;0;0;4;0;0;0;0;0;0;0;0;0;0;0;0;0;0;0;0;0;0;0;0;0;0;0;0;0;0;0;286;0;50;408;14;5853;1086
01/03/2025;0;0;0;0;0;305;0;198;0;0;0;0;0;0;0;0;0;0;0;0;0;0;0;0;0;0;0;0;2;0;0;0;203;0;0;0;0;0;0;0;0;0;0;0;0;0;0;0;0;0;207;0;0;0;0;0;0;0;81;0;175;0;0;0;0;0;0;0;0;0;0;0;0;0;108;0;0;0;182;0;0;0;0;0;0;0;0;111;0;158;0;0;0;0;169;0;0;0;0;0;0;0;0;0;0;0;0;0;0;0;0;0;0;0;0;0;0;0;0;0;0;0;0;0;0;0;0;0;62;0;126;1144;428
28/02/2025;0;0;0;0;0;1095;0;740;0;0;0;0;0;0;0;0;0;0;1;0;1;0;3;0;0;0;0;0;11;0;1;0;854;0;0;0;0;0;0;0;0;0;0;0;0;0;0;0;0;0;952;0;0;0;0;0;0;0;1103;0;0;0;0;0;0;0;1;0;0;0;0;0;0;0;354;0;0;0;681;0;0;0;0;0;0;0;0;1;0;386;0;0;0;0;653;0;0;0;1;0;0;0;0;0;0;0;0;0;0;0;0;0;0;0;0;0;0;0;0;0;0;0;0;0;0;0;0;0;275;0;257;6520;1556
27/02/2025;0;0;2;0;0;1225;0;891;0;0;0;0;0;0;0;0;0;0;0;0;0;0;0;0;0;0;0;0;3;0;3;0;1041;0;0;0;0;0;0;0;0;0;0;0;0;0;0;0;0;0;943;0;0;0;0;0;0;0;226;844;4;0;0;0;0;0;0;0;0;0;0;0;0;0;484;0;0;0;887;0;0;0;0;0;0;0;0;0;0;388;0;0;0;0;826;0;0;0;5;0;0;0;0;0;0;0;0;0;0;0;0;0;0;0;0;0;0;0;0;0;0;0;0;0;0;0;0;0;280;0;256;6848;1575
26/02/2025;0;0;4;0;0;1491;0;981;1;0;0;0;0;0;0;0;0;0;1;0;0;0;14;0;0;0;0;0;0;0;0;0;1086;0;0;0;0;0;0;0;0;0;0;0;0;0;0;0;0;0;1151;0;0;0;0;0;0;0;0;845;550;0;0;0;0;0;0;0;0;0;0;0;0;0;494;0;0;0;896;0;0;1;0;0;0;0;0;0;0;687;0;0;0;0;895;0;0;0;0;0;0;0;0;0;0;0;0;0;0;0;0;0;3;0;0;0;0;0;0;0;0;0;0;0;0;0;0;0;335;1;452;7435;1456
25/02/2025;0;0;76;0;0;1368;0;951;0;0;0;0;0;0;0;0;0;0;0;0;4;0;7;0;0;0;0;0;1;0;3;0;1031;0;0;0;0;0;0;0;0;0;0;0;0;0;0;0;0;0;1169;0;0;0;0;0;0;0;0;0;1418;0;0;0;0;0;0;0;0;0;0;0;0;231;268;0;0;0;853;0;0;0;0;0;0;0;0;5;0;618;0;0;0;0;874;0;0;0;0;0;0;0;0;0;0;0;0;0;0;0;0;0;0;0;0;0;0;0;0;0;0;0;0;0;0;0;0;0;331;1;440;7045;1462
24/02/2025;0;0;1552;0;0;0;0;1022;0;0;0;0;0;0;0;0;0;0;0;0;0;0;0;0;0;0;0;0;58;0;0;0;968;0;0;0;0;0;0;0;0;0;0;0;0;0;0;0;0;0;1186;0;0;0;0;0;0;0;1;0;1399;0;0;0;0;0;0;0;0;0;0;0;0;461;13;0;0;0;850;0;0;12;0;0;0;0;0;610;0;89;0;0;0;0;920;0;0;0;1;0;0;0;0;0;0;0;0;0;0;0;0;0;0;0;0;0;0;0;0;0;0;0;0;0;0;0;10;0;301;0;467;5853;1404
22/02/2025;0;0;1394;0;0;0;0;917;0;0;0;0;0;0;0;0;0;0;0;0;0;0;0;0;0;0;0;0;1024;0;0;0;0;0;0;0;0;0;0;0;0;0;0;0;0;0;0;0;0;0;1015;0;0;0;0;0;0;0;809;2;435;0;0;0;0;0;0;0;0;0;0;0;0;8;458;0;1;0;784;0;0;0;0;0;0;0;0;586;0;0;0;0;0;0;810;0;0;0;0;0;0;0;0;0;0;0;0;0;0;0;0;0;0;0;0;0;0;0;0;0;0;0;0;0;0;0;0;0;286;0;457;7099;1352
21/02/2025;0;0;1523;0;0;0;0;551;0;0;451;0;0;0;0;0;0;0;0;0;0;0;1;0;0;0;0;0;1120;0;4;0;1;0;0;0;0;0;0;0;0;0;0;0;0;0;0;0;1;0;998;0;0;0;0;0;0;0;567;897;1;0;0;0;0;0;0;0;0;1;0;0;0;0;505;0;7;0;890;0;0;2;0;0;0;0;0;578;0;3;0;0;0;0;790;0;0;0;8;0;0;0;0;0;0;0;0;0;0;0;0;0;0;0;0;0;0;0;0;0;0;0;0;0;0;0;0;0;330;2;574;6484;1540
20/02/2025;0;0;1481;0;0;0;0;0;0;0;984;0;0;0;0;0;0;0;0;0;0;0;2;0;0;0;0;0;996;0;0;0;58;0;0;0;0;0;0;0;0;0;0;0;0;0;0;0;427;0;728;0;0;0;0;0;0;0;926;454;6;0;0;0;0;0;0;0;0;0;0;0;0;0;493;0;0;0;860;0;0;0;0;0;0;0;0;249;0;243;0;0;0;0;703;0;0;0;54;0;0;0;0;0;0;0;0;0;0;0;0;0;0;0;0;0;0;0;0;0;0;0;1;0;0;0;0;1;300;10;479;6586;1376
19/02/2025;0;0;1537;0;0;0;0;0;0;0;927;0;8;2;0;0;0;0;0;0;0;0;84;0;0;0;0;0;0;0;0;0;1019;0;0;0;0;0;0;0;0;0;0;0;0;0;0;2;1141;0;0;0;0;0;0;0;0;0;1344;0;5;0;0;0;0;0;0;0;0;0;0;0;0;0;509;0;0;0;893;0;2;0;0;0;0;0;0;5;0;607;0;0;0;0;0;0;0;0;655;0;0;0;0;0;0;0;0;0;0;0;0;0;0;0;0;0;0;0;0;0;0;0;0;0;0;0;0;1;63;628;33;6788;1237
18/02/2025;0;0;1297;0;0;115;0;54;0;0;892;0;0;0;0;0;0;0;0;0;0;0;758;0;0;0;0;0;0;0;0;0;935;0;0;0;0;0;0;0;0;0;0;0;0;0;0;6;1051;0;0;0;0;0;0;0;0;0;719;0;570;0;0;0;0;0;0;0;0;0;0;0;1;0;516;4;1;1;846;0;0;0;0;0;0;0;0;4;0;594;0;0;0;0;0;0;0;0;0;0;0;0;0;0;0;0;0;0;0;0;0;0;0;0;0;0;0;0;0;0;0;0;0;0;0;0;0;0;2;710;0;6666;1480
17/02/2025;0;0;0;0;0;1372;1;942;76;0;0;0;24;17;0;0;0;0;29;0;17;0;337;0;0;0;0;0;0;0;0;0;885;0;0;0;0;0;0;0;0;0;1;2;0;0;0;519;593;0;1;0;0;0;0;0;0;0;0;0;1301;0;0;0;0;0;0;0;0;0;0;0;4;0;425;9;76;9;782;0;2;0;0;0;0;0;0;0;0;678;0;0;0;0;1;0;0;0;0;0;0;0;0;0;0;0;0;0;0;0;0;0;0;0;0;0;0;0;0;0;0;0;0;1;0;0;0;0;14;655;1;6001;1465
14/02/2025;0;0;0;0;0;0;0;984;1364;124;0;0;0;0;0;0;0;0;0;0;645;0;92;0;0;0;0;0;0;0;0;0;1001;0;0;0;0;0;0;0;0;0;0;0;0;0;0;1044;0;0;0;0;0;0;0;0;0;0;0;0;1264;0;0;0;0;0;0;0;0;0;0;0;0;0;389;75;759;0;0;34;0;0;0;0;0;0;0;1;0;616;0;0;0;0;0;0;0;0;0;0;0;0;0;0;0;0;0;0;0;0;0;0;0;0;0;0;0;0;0;0;0;0;4;4;0;0;0;2;344;493;0;6769;1433
13/02/2025;0;0;0;0;0;9;0;758;886;208;0;0;0;0;0;0;0;0;53;0;738;0;0;0;0;0;0;0;0;0;46;0;723;0;0;0;0;0;0;0;0;0;0;0;0;0;0;1078;0;0;0;0;0;0;0;0;0;0;0;0;1384;0;0;0;0;0;0;0;0;0;0;0;0;0;0;827;0;0;0;112;44;1;0;0;0;0;0;9;0;621;0;0;0;0;0;0;0;0;0;0;0;0;0;0;0;0;0;0;0;0;0;0;0;0;0;0;0;0;0;0;0;0;0;0;0;0;6;93;504;428;0;6556;1479
12/02/2025;4;3;0;0;0;1287;0;955;66;0;0;0;0;0;0;0;0;0;782;0;0;0;0;0;0;0;0;0;2;0;1104;0;0;0;0;0;0;0;0;0;0;0;0;0;0;0;0;954;0;0;2;0;0;0;0;0;0;0;0;0;1275;0;0;0;0;0;14;0;0;0;0;0;0;0;0;807;1;0;0;0;120;46;0;0;0;0;0;0;1;571;0;0;1;0;0;0;0;0;0;0;0;0;0;0;0;0;0;0;0;0;0;0;2;0;0;0;0;0;0;0;0;0;0;1;0;0;9;610;0;409;1;7114;1361
11/02/2025;97;3;0;0;0;1474;0;857;0;0;0;0;0;0;0;0;0;0;742;0;0;0;1;0;0;0;0;0;1;0;1143;0;0;0;0;0;0;0;0;0;0;0;0;0;0;0;0;978;0;0;7;0;0;0;0;0;0;0;0;0;1382;0;0;0;0;0;0;1;0;0;0;0;4;0;0;64;623;0;1;0;0;306;0;0;0;0;0;262;0;360;0;0;3;0;0;0;0;0;0;0;0;0;0;0;0;0;0;0;0;0;0;0;67;0;0;0;0;0;0;0;0;0;0;0;0;0;409;173;0;449;0;6616;1496
10/02/2025;691;237;0;0;0;1532;0;0;0;0;0;0;0;0;0;0;0;0;737;0;0;0;4;0;0;0;0;0;0;0;1018;0;0;0;0;0;0;0;0;0;0;0;0;0;0;0;0;0;0;0;0;0;0;0;0;0;0;0;0;0;1154;0;0;0;0;0;105;0;0;0;0;0;0;0;0;123;589;3;0;0;0;326;0;0;0;0;0;653;0;0;0;0;0;0;127;0;0;0;0;0;0;0;0;0;0;0;0;0;0;0;0;0;1017;0;0;0;0;0;0;0;0;0;0;0;0;0;621;1;3;448;1;6121;975
08/02/2025;930;5;0;0;0;1411;0;0;0;0;0;0;0;0;0;0;0;0;0;0;0;0;0;0;0;0;0;0;9;0;1065;0;0;0;0;0;0;0;0;0;0;0;0;0;0;0;0;0;0;0;0;0;0;0;0;0;0;0;0;0;0;0;0;0;0;0;1279;0;0;1;0;0;1;0;0;736;64;0;6;0;0;262;0;0;0;0;0;607;1;7;0;0;0;0;704;0;0;0;0;0;0;0;0;0;0;0;0;0;84;0;0;0;950;0;0;0;0;0;0;0;0;0;0;0;0;0;474;4;0;325;2;7313;1476
07/02/2025;1;908;0;0;0;1346;119;0;0;0;0;0;0;0;0;0;0;0;0;0;1;0;2;0;0;0;0;0;44;0;1014;0;0;0;24;0;0;0;0;0;0;0;0;0;0;0;0;0;0;0;1;0;0;0;0;0;0;0;0;0;0;0;0;0;0;0;1301;0;0;87;0;0;0;0;0;0;764;39;69;0;0;232;0;0;0;0;0;123;4;521;0;0;0;0;847;0;0;0;0;0;0;0;0;0;0;0;0;0;338;0;0;0;996;1;0;0;0;0;0;0;0;0;0;0;0;0;455;2;0;0;0;7585;1433
06/02/2025;0;1063;0;0;0;1235;0;0;2;0;0;0;6;0;0;0;0;0;0;0;0;0;0;0;0;0;0;0;1153;0;0;0;0;0;0;0;0;0;0;0;0;0;0;0;0;0;0;0;0;0;73;0;0;0;0;0;0;0;0;0;0;0;0;0;0;0;933;394;0;354;0;0;1;0;0;0;0;262;852;0;0;1;0;0;0;0;0;0;192;493;0;0;0;0;780;0;0;0;0;0;1;0;0;0;0;0;0;0;0;0;0;0;1220;5;0;0;0;0;0;0;0;0;66;0;0;0;9;465;0;0;0;6676;1327
05/02/2025;0;0;0;0;0;1208;0;1;3;0;0;0;0;0;0;0;0;0;0;0;0;0;0;0;0;0;0;0;1160;0;0;0;0;0;0;0;0;0;0;0;0;0;10;3;0;0;0;1;0;0;1183;0;0;0;0;0;0;0;0;0;3;0;0;0;0;0;0;300;0;0;0;0;34;0;0;0;0;222;866;0;0;0;0;0;0;0;0;2;682;0;0;0;961;0;879;0;0;0;0;0;8;0;0;0;0;0;0;0;0;0;0;0;1238;5;2;0;0;0;0;0;0;0;397;22;0;0;0;473;1;0;11;7414;1530
04/02/2025;0;0;0;0;0;0;0;0;12;1;0;0;0;0;0;0;0;0;0;0;0;0;0;0;0;0;0;0;1146;0;0;0;0;0;0;0;0;0;0;0;0;0;4;2;0;0;0;0;0;0;1170;0;0;0;0;0;0;0;0;0;0;0;0;0;0;0;0;0;0;0;0;0;502;0;3;0;0;0;887;0;0;0;0;0;0;0;0;10;576;0;0;0;1287;0;799;0;0;0;0;0;1474;0;0;0;0;0;0;0;0;0;0;0;38;764;88;97;0;0;0;0;0;0;203;261;0;0;0;345;2;1;0;7007;1401
03/02/2025;0;0;0;0;0;104;0;0;134;1;0;0;0;0;0;0;0;0;0;0;0;0;0;0;0;0;0;0;1135;0;0;0;0;0;0;0;0;0;0;0;0;0;1031;5;0;0;0;0;0;0;43;0;0;0;0;0;0;0;0;0;0;0;0;0;0;0;0;0;0;0;0;0;464;0;37;1;1;0;826;0;0;0;0;0;0;0;0;405;42;105;0;0;1052;0;805;0;0;0;0;0;1390;0;0;0;0;0;0;0;0;0;0;0;0;970;0;0;0;0;0;0;0;0;0;428;0;0;0;283;126;0;36;5754;1106
01/02/2025;0;0;0;0;0;377;0;0;320;0;0;0;0;0;0;0;0;0;0;0;0;0;0;0;0;0;0;0;252;0;0;0;0;0;0;0;0;0;0;0;0;0;250;1;0;0;0;0;0;0;0;0;0;0;0;0;0;0;0;0;0;0;0;0;0;0;0;0;0;0;0;0;0;0;143;0;0;0;143;0;0;0;0;0;0;0;0;0;0;268;0;0;0;0;231;0;0;0;0;0;0;0;0;0;0;0;0;0;0;0;0;0;0;197;0;0;0;0;0;0;0;0;0;0;0;2;0;0;275;0;96;1246;518
31/01/2025;0;0;0;0;0;1195;0;2;972;0;1;0;0;0;0;0;0;0;1;0;0;0;0;0;0;0;0;0;864;0;0;0;0;0;0;0;0;0;0;0;0;0;148;610;0;0;0;2;0;0;1;0;0;0;0;0;0;0;0;0;0;0;0;0;0;0;0;0;0;0;0;0;0;0;386;0;0;0;661;0;0;0;0;0;0;0;0;1;0;223;0;0;0;0;698;0;0;0;0;0;0;0;0;0;0;0;0;0;0;0;0;0;1;803;0;0;0;0;0;0;0;0;0;1;0;0;0;0;212;0;268;7622;1524
30/01/2025;0;0;0;0;0;1486;0;1;1398;1;0;0;0;0;0;0;0;0;0;0;0;0;7;0;0;0;0;0;1157;0;0;0;0;0;0;0;0;0;0;0;0;0;0;1131;0;0;0;0;4;0;0;0;0;0;0;0;0;0;0;0;2;0;0;0;0;0;0;1;0;0;0;0;0;0;524;0;0;0;913;0;0;0;0;0;0;0;0;0;0;582;0;0;0;0;841;0;0;0;0;0;0;0;0;0;0;0;0;0;0;0;0;0;0;977;0;0;0;0;0;0;0;0;0;0;0;0;0;0;579;0;374;6287;1676
29/01/2025;0;0;1;0;0;1502;0;75;833;441;1;0;0;0;0;0;0;0;0;0;0;0;2;0;0;0;0;0;1167;0;0;0;0;0;0;0;0;0;0;0;0;0;0;978;0;0;0;0;0;0;1;0;0;0;0;0;0;0;0;0;97;0;0;0;0;0;0;0;0;0;0;0;0;0;504;0;0;0;884;0;0;0;0;0;0;0;0;0;0;582;0;0;0;0;822;0;0;0;0;0;1;0;0;0;0;0;0;0;0;0;0;0;6;949;0;0;0;0;0;0;0;0;0;0;0;0;0;0;567;0;283;7828;1666
28/01/2025;0;0;111;0;0;1214;106;982;0;0;0;0;0;0;0;0;0;0;0;0;1;0;100;0;0;0;0;0;1217;0;0;0;0;0;0;0;0;0;0;0;0;0;0;36;0;0;0;4;315;0;854;0;0;0;0;0;0;0;3;0;1324;0;0;0;0;0;0;0;0;0;0;0;0;2;450;0;0;5;951;0;1;0;0;0;0;0;0;0;1;577;0;0;0;0;731;0;0;0;0;0;0;0;0;0;0;0;0;0;0;0;0;0;0;0;0;0;0;0;0;0;0;0;0;0;0;0;0;0;591;0;344;6204;1520
27/01/2025;0;0;1536;0;0;0;0;1023;0;0;7;0;0;0;0;0;0;0;0;0;0;0;815;0;0;0;0;0;1149;0;0;0;0;0;0;0;0;0;0;0;0;0;0;0;0;0;0;639;582;0;0;0;0;0;0;0;0;0;268;3;1064;0;0;0;0;0;0;0;0;0;0;0;0;0;0;11;247;0;960;0;0;29;0;0;0;0;0;89;298;191;0;5;0;0;1;0;0;0;0;0;0;0;0;0;0;0;0;0;0;0;0;0;0;0;0;0;0;0;0;0;0;0;0;0;0;0;0;0;684;3;444;5815;1160
25/01/2025;0;0;1295;0;0;111;0;929;0;0;0;0;0;0;0;0;0;0;0;0;0;0;787;0;0;0;0;0;989;0;0;0;0;0;0;0;0;0;0;0;0;0;0;0;0;0;0;772;107;0;1;0;0;0;0;0;0;0;900;0;0;0;0;0;0;0;0;0;0;0;0;0;0;0;0;483;16;0;453;0;0;139;0;0;0;0;0;331;0;190;0;30;0;0;0;0;0;0;0;0;0;0;0;0;0;0;0;0;0;0;0;0;0;1;0;0;0;0;0;0;0;0;0;0;0;0;0;0;897;85;1;7125;1261
24/01/2025;0;0;131;0;0;1309;0;972;0;0;0;0;0;0;0;0;0;0;1;0;9;0;813;0;0;0;0;0;1122;0;0;0;0;0;0;0;0;0;0;0;0;0;0;0;0;0;0;0;1124;0;0;0;0;0;0;0;0;0;0;0;0;0;0;0;0;0;0;0;0;0;0;0;0;0;0;0;1;6;1042;0;0;162;0;0;0;0;0;0;0;569;0;1285;0;0;0;0;0;0;0;0;0;0;0;0;0;0;0;0;0;0;0;0;0;6;0;0;0;0;0;0;0;0;0;0;0;1;0;0;521;574;0;6901;1443
23/01/2025;0;0;1523;0;0;0;0;516;0;0;495;0;0;0;0;0;0;0;3;0;82;0;696;0;0;0;0;0;1135;0;0;0;1;0;0;0;0;0;0;0;0;0;0;0;0;0;0;0;1180;0;9;0;0;0;0;0;0;0;0;0;0;0;0;0;0;0;0;0;0;0;0;0;0;0;0;0;3;0;869;1;40;116;3;0;0;0;0;1;0;571;0;1364;0;0;0;0;0;0;0;0;0;0;0;0;0;0;0;0;0;0;0;0;0;0;0;0;0;0;0;0;0;0;0;2;0;2;3;0;454;566;1;6345;1440
22/01/2025;0;0;1483;0;0;0;0;9;0;0;984;0;0;0;0;0;0;0;0;0;786;0;0;0;0;0;0;0;1080;0;0;0;4;0;0;0;0;0;0;0;0;0;0;0;0;0;0;2;314;0;793;0;0;0;0;0;0;0;0;95;2;0;0;0;0;0;0;0;0;0;0;0;0;1;0;0;0;41;949;15;15;69;0;0;0;0;0;0;0;586;0;1138;0;0;0;0;0;0;0;0;0;0;0;0;0;0;0;0;0;0;0;0;0;0;0;0;0;0;0;0;0;0;0;0;0;5;0;0;485;545;3;6559;1388
21/01/2025;0;0;1508;0;0;0;0;0;0;0;991;0;0;0;0;0;0;0;7;0;748;0;0;0;0;0;0;0;1113;0;0;0;0;0;0;0;1;0;0;0;0;0;0;0;0;0;0;1;0;0;1205;0;0;0;0;0;0;0;0;1341;2;0;0;0;0;0;0;0;0;0;0;0;0;0;0;0;0;256;885;0;0;0;0;0;0;0;0;0;0;636;1;0;0;0;0;0;0;0;1;0;0;0;0;0;0;0;0;0;0;0;0;0;0;0;0;0;0;0;0;0;0;0;0;0;0;0;0;0;95;396;451;6781;1298
20/01/2025;0;0;1525;0;0;0;0;3;1;0;970;0;0;0;0;0;0;0;91;0;701;0;0;0;0;0;0;0;1050;0;0;0;0;0;0;0;0;0;0;0;0;0;0;0;0;0;0;191;1;0;906;0;0;0;0;0;0;0;0;338;875;0;0;0;0;0;0;0;0;0;0;0;0;50;1;1;0;191;815;0;0;0;0;0;0;0;0;0;155;487;0;1;0;0;20;0;1;0;5;0;2;0;0;0;0;0;0;0;0;0;0;0;1;0;0;0;0;0;0;0;0;0;0;0;0;0;2;0;2;0;894;5548;1111
17/01/2025;0;0;1324;0;0;88;0;4;3;0;954;0;0;0;0;0;0;0;810;0;0;0;0;0;0;0;0;0;987;0;6;0;66;0;0;0;0;0;0;0;0;0;0;0;0;0;0;1092;1;0;0;0;0;0;0;0;0;0;0;0;1209;0;0;0;0;0;0;0;0;0;0;0;0;312;3;0;0;0;820;0;0;0;0;0;0;0;0;0;566;0;0;0;0;0;0;0;0;0;0;0;0;0;0;0;0;0;0;0;0;0;0;0;0;0;0;0;0;0;0;0;0;0;0;0;0;0;0;0;295;0;564;6089;1330
16/01/2025;0;0;0;0;0;305;0;935;1189;0;31;0;0;0;0;0;0;0;850;0;0;0;0;0;0;0;0;0;0;0;0;0;963;0;0;0;0;0;0;0;0;0;0;0;0;0;0;863;146;0;0;0;0;0;0;0;0;0;0;0;1383;0;0;0;0;0;0;1;0;0;0;0;1;506;1;0;3;0;878;0;0;0;0;0;0;0;0;0;670;0;0;0;0;0;0;0;0;0;1;0;0;0;0;0;0;0;0;0;0;0;0;0;0;0;0;0;0;0;0;0;0;0;0;0;0;0;0;0;458;0;346;6873;1642
15/01/2025;0;0;0;0;0;1;0;974;1376;20;13;0;0;0;0;0;0;0;812;0;0;0;0;0;0;0;0;0;0;0;0;0;962;0;0;0;0;0;0;0;0;0;0;0;0;0;0;0;1006;0;1;0;0;0;0;0;0;0;107;0;1216;0;0;0;0;0;0;2;0;0;0;0;0;473;1;0;760;0;65;0;0;0;0;0;0;0;0;0;663;0;0;0;0;0;0;0;0;0;3;0;113;0;0;0;0;0;0;0;0;0;0;0;0;3;0;0;0;0;0;0;0;0;0;0;0;0;0;0;444;0;338;6648;1419
14/01/2025;0;0;0;0;0;0;0;49;0;0;844;0;0;0;0;0;0;0;723;0;0;0;0;0;0;0;0;0;0;0;3;0;930;0;0;0;0;0;0;0;0;0;0;0;0;0;0;4;1186;0;8;0;0;0;0;0;0;0;1262;0;0;0;0;0;0;0;1;2;0;0;0;0;0;329;8;35;855;0;1;0;0;0;0;0;0;0;0;2;676;1;0;0;0;0;1;0;0;0;108;0;1457;0;0;0;0;0;0;0;0;0;0;0;109;1;0;0;0;0;0;0;0;0;0;0;0;0;1;2;452;0;523;6781;1471
13/01/2025;0;0;0;0;0;0;0;0;0;0;0;0;0;0;0;0;0;0;0;0;0;0;0;0;0;0;0;0;0;0;0;0;845;0;0;0;0;0;0;0;0;0;0;2;0;0;0;164;949;0;1;0;0;0;0;0;0;0;1090;0;0;0;0;0;0;0;0;117;0;1;0;0;0;262;41;105;753;0;1;0;0;0;0;0;0;0;0;75;593;0;0;0;0;0;78;0;0;0;641;0;1262;0;0;0;0;0;0;0;0;0;0;0;1001;0;0;0;0;0;0;0;0;0;0;1;0;0;1;42;452;0;430;6309;1390
11/01/2025;0;0;0;0;0;0;0;0;0;0;0;0;0;0;0;0;0;0;0;0;0;0;0;0;0;0;0;0;0;0;0;0;893;0;0;0;0;0;0;0;0;0;0;2;0;0;0;901;0;0;188;0;0;0;0;0;0;0;0;0;0;0;0;0;0;0;0;1109;0;0;0;0;0;0;425;731;0;0;1;0;0;0;0;0;0;0;0;602;0;0;0;0;0;0;746;0;8;0;0;0;1088;0;0;0;0;0;0;0;0;0;0;0;1120;0;0;0;0;0;0;0;0;0;0;0;0;1;63;228;395;0;8;6124;1252
10/01/2025;0;0;0;0;0;0;0;0;5;0;0;0;0;0;0;0;0;0;0;0;0;0;0;0;0;0;0;0;0;0;73;0;879;0;0;0;0;0;0;0;0;0;0;3;0;0;0;1;0;0;1159;0;0;0;0;0;0;0;0;0;0;0;0;0;0;0;3;1296;0;10;0;0;0;0;481;325;0;0;503;0;0;0;0;0;0;0;0;663;0;0;0;0;0;0;879;0;31;0;0;0;1190;45;0;0;0;0;0;0;0;0;0;0;1246;1;10;0;0;0;0;0;0;0;0;0;0;4;327;103;13;0;327;7106;1416
09/01/2025;0;0;0;0;0;93;0;0;12;0;0;0;0;0;0;0;0;0;0;0;0;0;0;0;0;0;0;0;0;0;1080;0;0;0;0;0;0;0;0;0;0;0;1;3;0;0;0;0;0;0;1060;0;0;0;0;0;0;0;0;0;0;0;0;0;0;0;864;319;0;193;0;0;0;0;317;0;0;0;863;0;0;0;0;0;0;0;0;575;0;2;0;0;1;0;832;0;0;0;0;0;1149;0;0;0;0;0;0;0;0;0;0;0;109;1110;0;0;0;0;0;0;0;0;66;1;0;0;449;262;0;0;0;5824;1371
08/01/2025;0;0;0;0;0;1222;0;1;109;0;0;0;0;0;0;0;0;0;0;0;0;0;0;0;0;0;0;0;0;0;1098;0;0;0;0;0;0;0;0;0;0;0;1;891;0;0;0;0;0;0;183;0;0;0;0;0;0;0;0;0;0;0;0;0;0;0;502;0;0;0;0;0;0;0;311;0;0;0;830;0;0;0;0;0;0;0;0;672;0;1;0;0;509;0;771;0;0;0;0;0;0;0;0;0;0;0;0;0;0;0;0;0;0;1239;0;0;0;0;0;0;0;0;251;218;0;0;0;330;0;0;102;7629;1554
07/01/2025;0;0;0;0;0;1166;0;70;1190;0;0;0;0;0;0;0;0;0;0;0;0;0;0;0;0;0;0;0;0;0;1104;0;0;0;0;0;0;0;0;0;0;0;88;868;0;0;0;0;0;0;81;0;0;0;0;0;0;0;0;0;0;0;0;0;0;0;0;0;0;0;0;0;0;0;491;0;0;0;841;0;0;0;0;0;0;0;0;560;0;120;0;0;0;0;771;0;0;0;0;0;0;0;0;0;0;0;0;0;0;0;0;0;0;1021;0;0;0;0;0;0;0;0;0;217;0;144;0;0;0;0;343;6820;1351
06/01/2025;0;0;0;0;0;1266;0;823;1400;0;0;0;0;0;0;0;0;0;0;0;0;0;0;0;0;0;0;0;0;0;910;0;0;0;0;0;0;0;0;0;0;0;0;0;0;0;0;0;0;0;672;0;0;0;0;0;0;0;0;0;0;0;0;0;0;0;0;0;0;0;0;0;1;0;413;0;0;0;687;0;0;0;0;0;0;0;0;0;0;534;0;0;0;0;602;0;0;0;0;0;0;0;0;0;0;0;0;0;0;0;0;0;0;0;0;0;0;0;0;0;0;0;0;0;0;625;0;0;0;0;0;5265;1336
21/12/2024;0;0;0;0;0;261;0;157;251;0;0;0;0;0;0;0;0;0;0;0;0;0;0;0;0;0;0;0;0;0;138;0;0;0;0;0;0;0;0;0;0;0;0;0;0;0;0;0;0;0;107;0;0;0;0;0;0;0;0;0;0;0;0;0;0;0;0;0;0;0;0;0;0;5;70;0;0;0;83;0;0;0;0;0;0;0;0;0;0;209;0;0;0;0;129;0;0;0;0;0;1;0;0;0;0;0;0;0;1;0;0;0;0;0;0;0;0;0;0;0;0;0;0;0;0;182;0;0;0;0;0;9;52
20/12/2024;0;0;0;0;0;1478;0;936;1608;0;0;0;0;0;0;0;0;0;0;0;0;0;0;0;0;0;0;0;0;0;795;0;0;0;0;0;0;0;0;0;0;0;0;0;0;0;0;0;0;0;805;0;0;0;0;0;0;0;0;0;0;0;0;0;0;0;0;0;0;0;0;0;0;0;437;0;1;0;816;0;1;2;0;0;0;0;0;0;0;649;0;0;0;0;976;0;0;0;0;0;0;0;0;0;0;0;0;0;1;0;0;0;0;0;0;0;0;0;0;0;0;0;0;0;1;750;0;0;0;0;0;7226;1582
19/12/2024;0;0;0;0;0;1444;0;840;1678;0;124;0;0;0;0;0;0;0;0;0;0;0;0;0;0;0;0;0;0;0;1118;0;0;0;0;0;0;0;0;0;0;0;0;0;0;0;0;0;0;0;788;0;0;0;0;0;0;0;0;0;0;0;0;0;0;0;0;0;0;0;0;0;0;312;255;0;3;1;852;0;0;0;0;0;0;0;0;0;0;642;0;0;0;0;844;0;0;0;0;0;2;0;0;0;0;0;0;0;0;0;0;0;0;1;0;0;0;0;0;0;0;0;0;1;0;787;0;0;0;0;1;6842;1515
18/12/2024;0;0;1;0;0;1498;0;193;1617;0;764;0;0;0;0;0;0;0;0;0;1;0;1;0;0;0;0;0;0;0;1139;0;1;0;0;0;0;0;0;0;0;0;0;0;0;0;0;0;0;0;785;0;0;0;0;0;0;0;0;0;0;0;0;0;0;0;0;0;0;0;0;0;107;425;0;0;0;3;814;0;1;0;0;0;0;0;0;6;1;661;0;0;0;0;802;0;0;0;2;0;1;1;0;0;0;0;0;0;0;0;0;0;1;2;0;0;0;0;0;0;0;0;0;1;51;745;0;0;1;0;0;6848;1625
17/12/2024;0;1;1;0;0;811;0;896;2075;1;7;0;0;0;0;0;0;0;0;0;1;0;0;0;0;0;0;0;0;0;1112;0;1;0;0;0;0;0;0;0;0;0;0;0;0;0;0;0;5;0;831;0;0;0;0;0;0;0;0;0;1;0;0;0;0;0;0;0;0;186;0;0;318;0;4;0;0;68;727;0;0;0;0;0;0;0;0;0;0;638;1;0;0;0;814;0;0;0;0;0;1;0;0;0;0;0;0;0;0;0;0;0;0;1;0;0;0;0;0;0;0;0;0;2;246;517;0;0;8;0;0;7655;1552
16/12/2024;0;0;0;0;0;931;1;711;588;519;2;0;0;0;0;0;0;0;0;0;0;0;1;0;0;0;0;0;74;0;582;0;0;0;0;0;0;0;0;0;0;0;0;2;0;0;0;10;2;0;942;0;0;0;0;0;0;0;1;0;0;0;0;0;0;0;0;0;0;185;0;0;276;0;0;0;0;165;40;0;2;1;0;0;0;0;0;0;0;440;0;0;0;0;589;2;1;0;0;0;0;0;0;0;0;0;0;0;0;0;0;0;0;1;0;0;0;0;0;0;0;0;0;67;2;349;0;0;103;0;0;5196;1036
15/12/2024;0;0;0;0;0;307;0;109;0;0;0;0;0;0;0;0;0;0;0;0;0;0;0;0;0;0;0;0;145;0;0;0;0;0;0;0;0;0;0;0;0;0;0;0;0;0;0;0;0;0;128;0;0;0;0;0;0;0;0;0;0;0;0;0;0;0;0;0;0;0;0;0;38;0;0;0;0;1;50;0;0;0;0;0;0;0;0;0;0;147;0;0;0;0;69;0;0;0;0;0;5;0;0;0;0;0;0;0;0;0;0;0;0;0;0;0;0;0;0;0;0;0;0;67;0;0;0;0;101;0;0;935;196
14/12/2024;0;0;0;0;0;2132;0;623;0;0;0;0;0;0;0;0;0;0;0;0;0;0;5;0;0;0;0;0;1130;0;0;0;0;0;0;1;0;0;0;0;0;0;0;0;0;0;0;0;1;0;1138;0;0;0;0;0;0;0;298;2;1;0;0;0;2;0;0;0;0;0;0;0;203;0;1;0;0;0;276;0;2;283;0;0;0;0;0;1;0;663;2;2;0;0;825;0;0;0;0;0;277;1;0;0;0;0;0;0;0;0;0;0;2;0;0;0;0;0;0;0;0;0;0;422;0;0;0;0;429;0;0;6688;1661
13/12/2024;0;291;0;0;0;1140;51;0;0;0;1;0;0;0;0;0;0;0;2;0;0;0;0;0;0;0;0;0;1095;0;0;0;0;0;0;1;0;0;0;0;0;0;0;0;0;0;0;0;0;0;832;0;0;0;0;0;0;0;1019;184;4;0;0;0;1;0;0;0;0;0;0;0;108;0;3;0;0;0;947;0;0;219;0;0;0;0;0;98;1;564;0;0;0;0;836;5;0;0;2;0;1250;2;0;0;0;0;0;0;1;0;0;0;0;0;0;0;0;0;0;0;0;0;0;334;0;0;0;0;451;0;0;7430;1637
12/12/2024;5;1082;0;0;0;1106;157;0;0;0;4;0;0;0;0;0;0;0;3;0;3;0;0;0;0;0;0;0;1115;0;0;0;0;0;0;1;2;0;0;0;0;0;0;0;8;8;18;1;0;0;0;0;0;0;0;0;0;0;0;1225;2;0;0;0;0;0;0;0;0;0;0;0;306;0;183;1;0;0;853;1;1;0;0;0;0;0;0;573;1;0;2;0;0;0;483;325;0;0;0;0;1032;0;0;0;0;0;0;0;0;0;0;0;0;0;0;0;0;0;0;0;0;0;0;335;1;0;0;0;414;0;0;7096;1599
11/12/2024;233;76;1;0;0;1268;0;0;0;0;243;0;0;0;0;0;0;0;4;0;7;0;0;0;0;0;0;0;1130;0;0;0;11;0;0;356;187;0;0;0;0;0;0;1;1;1;3;1;279;0;0;0;0;0;0;0;0;0;0;630;293;0;0;0;1;0;1;0;0;0;0;0;0;0;473;4;0;0;847;1;4;0;0;0;0;0;0;429;199;0;300;1;0;0;758;0;0;0;0;0;612;0;0;0;0;0;1;0;0;0;2;0;0;0;0;0;0;0;0;0;0;0;0;270;5;0;16;9;459;0;5;6876;1568
10/12/2024;0;0;1;0;0;1391;0;1;0;0;933;0;0;0;0;0;0;0;8;0;0;0;0;0;0;0;0;0;1047;0;0;0;2;0;0;0;0;0;0;0;0;0;0;1;0;0;0;345;860;0;0;0;0;0;0;0;0;0;0;0;910;0;0;0;304;0;0;1;0;0;0;0;0;0;479;3;0;0;822;0;2;1;0;0;0;0;0;120;556;0;0;0;0;0;573;0;0;0;206;0;0;0;0;0;0;0;0;0;1;0;0;0;1;0;0;0;0;0;0;0;0;0;0;0;196;0;5;0;463;10;108;7316;1471
09/12/2024;0;0;128;0;0;1016;0;173;0;0;592;0;0;0;0;0;0;0;124;0;0;0;0;0;0;0;0;0;694;0;0;0;75;0;0;0;0;0;0;0;0;0;0;0;0;0;0;995;0;0;0;0;0;0;0;0;0;0;0;0;0;0;0;0;1004;0;3;0;0;0;0;0;0;0;347;603;0;0;118;0;1;49;0;0;0;0;0;438;0;0;0;0;0;0;0;0;0;0;540;0;0;0;0;0;0;0;0;0;0;0;0;0;0;0;0;0;0;0;0;0;0;0;0;0;276;0;0;0;0;0;310;5916;1212
08/12/2024;0;0;149;0;0;0;0;94;0;0;0;0;0;0;0;0;0;0;92;0;0;0;0;0;0;0;0;0;0;0;0;0;68;0;0;0;0;0;0;0;0;0;0;0;0;0;0;147;2;0;0;0;0;0;0;0;0;0;0;0;0;0;0;0;143;0;0;0;0;0;0;0;0;0;0;114;0;0;0;0;0;39;0;0;0;0;0;155;0;0;0;0;0;0;0;0;0;0;0;0;0;0;0;0;0;0;0;0;0;0;0;0;0;0;0;0;0;0;0;0;0;0;0;0;40;0;0;0;0;0;99;1004;317
07/12/2024;0;0;1360;0;0;0;0;892;0;0;0;0;0;0;0;0;0;0;752;0;0;0;3;0;0;0;0;0;0;0;0;0;895;0;0;0;0;0;0;0;0;0;0;1;0;0;0;871;265;0;0;0;0;0;0;0;0;0;0;0;0;0;0;0;474;0;720;4;0;0;0;0;0;0;0;634;0;6;351;8;12;264;0;0;0;0;0;610;0;0;0;0;0;0;0;0;0;0;0;0;0;0;0;0;0;0;0;0;0;0;0;0;0;0;0;0;0;0;0;0;0;0;0;0;330;1;0;0;0;0;466;6826;1479
06/12/2024;0;0;1384;0;0;0;0;629;0;0;1;0;0;0;0;0;0;0;522;0;226;0;5;0;0;0;0;0;0;0;0;0;1034;0;0;0;0;0;0;0;0;0;0;5;0;0;0;0;1131;0;0;0;0;0;0;0;0;0;0;0;0;0;0;0;0;0;166;869;0;0;0;0;0;0;0;0;0;0;1125;39;91;12;0;0;0;0;0;311;0;299;0;144;149;0;4;0;0;0;0;0;0;0;0;0;0;0;28;0;216;0;0;0;227;2;0;0;0;0;0;24;0;4;0;0;307;0;0;0;0;0;204;6102;1384
05/12/2024;0;0;1386;0;0;0;0;0;0;0;0;0;0;0;0;0;0;0;0;0;725;0;17;0;0;0;0;0;0;0;0;0;1048;0;0;0;0;0;0;0;0;0;0;598;0;0;0;0;568;0;0;0;0;0;0;0;0;0;0;0;0;0;0;0;0;0;0;0;0;0;0;0;0;0;133;0;0;0;1043;0;71;0;0;0;0;0;0;288;0;348;0;1210;0;0;1;0;0;0;0;0;0;0;0;0;0;0;0;0;229;0;0;0;1021;0;0;0;0;0;0;0;0;0;0;0;120;200;0;1;0;0;197;6223;1377
04/12/2024;0;2;1199;0;0;0;0;0;0;0;0;0;0;0;0;0;0;0;0;0;541;0;244;0;0;0;0;0;0;0;0;0;1003;0;0;0;3;0;0;0;0;0;36;1011;0;0;0;0;0;0;0;0;0;0;0;0;0;0;0;0;1;0;0;0;0;268;0;1;0;0;0;0;0;0;426;0;0;0;805;0;0;0;0;0;0;0;0;666;2;1;0;901;0;0;0;0;0;0;0;0;0;0;0;0;0;0;0;0;0;0;0;0;1082;149;0;0;0;0;0;0;0;0;0;0;124;182;4;1;0;0;454;7180;1561
03/12/2024;4;0;1214;0;0;2;0;0;0;0;1;0;0;0;0;0;0;0;0;0;3;0;736;0;0;0;0;0;0;0;0;0;1091;0;0;2;2;0;0;0;0;0;552;480;0;0;0;0;9;0;0;0;0;0;0;0;0;0;0;0;297;0;0;0;0;765;0;0;0;0;0;0;0;0;488;0;0;0;816;0;0;0;0;0;0;0;0;283;357;0;0;0;0;0;7;0;0;0;0;0;0;0;1;0;0;0;0;0;0;0;4;0;1;1200;0;0;1;0;0;0;0;0;0;0;328;1;385;1;1;0;38;6098;1103
02/12/2024;0;0;772;0;0;74;0;0;0;0;0;0;0;0;0;0;0;0;1;0;4;0;660;0;0;0;0;0;0;0;0;0;866;0;0;0;0;0;0;0;0;0;52;0;0;0;0;0;885;0;0;0;0;0;0;0;0;0;0;0;1024;0;0;0;0;0;0;0;0;1;0;0;0;0;354;0;0;0;667;0;0;0;0;0;0;0;0;0;441;0;0;0;0;0;0;0;0;0;0;0;0;0;16;10;0;0;0;0;0;0;20;0;0;692;0;0;24;2;0;0;0;0;0;0;209;34;279;1;1;0;0;5762;1153
30/11/2024;0;0;128;0;0;193;0;0;0;0;0;0;0;0;0;0;0;0;0;0;0;0;117;0;0;0;0;0;0;0;3;0;151;0;0;0;0;0;0;0;0;0;0;0;0;0;0;0;182;0;0;0;0;0;0;0;0;0;0;0;197;0;0;0;0;0;0;0;0;0;0;0;0;0;69;0;0;0;143;0;0;2;0;0;0;0;0;0;202;1;0;0;0;0;0;0;0;0;0;0;0;0;0;0;0;0;1;0;0;0;0;0;0;0;0;0;1;0;0;1;0;0;0;0;0;59;138;2;0;0;0;1065;413
29/11/2024;0;0;949;0;0;1508;0;0;0;0;0;0;0;0;0;0;0;0;0;0;0;0;826;0;0;0;0;0;0;0;0;0;1038;0;0;0;0;0;0;0;0;0;0;0;0;0;0;0;1112;0;0;0;0;0;0;0;0;0;0;0;1312;0;0;0;0;0;0;0;0;0;0;0;0;0;285;0;0;1;867;0;1;146;0;0;0;0;0;0;654;0;0;0;0;0;1;0;0;0;0;0;0;0;0;0;0;0;0;0;0;0;0;0;0;0;0;0;0;0;0;0;0;0;0;0;82;252;156;285;0;0;0;6439;1506
28/11/2024;0;0;908;0;0;1497;0;0;3;0;0;0;0;0;0;0;0;0;0;0;0;0;559;0;0;0;0;0;0;0;0;0;1063;0;0;0;0;0;0;0;0;0;3;0;0;0;0;1;1145;0;2;0;0;0;0;0;0;0;0;0;1266;0;0;0;0;0;0;0;0;0;0;0;0;0;1;0;0;1;833;0;0;452;0;0;0;0;0;0;648;1;0;0;0;0;264;0;0;0;0;0;0;0;0;0;0;0;1;0;0;0;0;0;0;0;0;0;0;0;0;0;0;0;0;1;315;0;0;427;0;0;0;6567;1484
27/11/2024;0;0;731;0;0;1664;0;8;0;0;0;0;0;0;0;0;0;0;0;0;3;0;1;0;0;0;0;0;0;0;0;0;1038;0;0;0;0;0;0;0;0;0;0;1;0;0;0;4;1024;0;81;0;0;0;0;0;0;0;1;0;1328;0;0;0;1;0;0;0;0;0;0;0;0;0;121;0;0;5;758;0;0;309;0;0;0;0;0;0;375;239;0;1;0;0;877;0;0;0;0;0;0;0;0;0;0;0;0;0;0;0;0;0;0;0;0;0;0;0;0;0;0;0;0;205;313;3;0;202;0;0;0;6782;1440
26/11/2024;0;0;502;0;0;1547;0;168;0;0;0;0;0;0;0;0;0;0;0;0;1;0;6;0;0;0;0;0;0;0;0;0;1048;0;0;0;0;0;0;0;0;0;2;6;0;0;0;0;0;0;1045;0;0;0;0;0;0;0;4;0;1420;0;0;0;0;2;0;0;0;0;0;0;0;0;287;0;0;74;820;0;0;1;0;0;0;0;0;0;0;684;0;0;0;0;857;0;0;0;0;0;0;0;0;0;0;0;0;0;0;0;0;0;0;0;0;0;0;0;0;0;0;0;0;225;305;0;0;0;0;0;0;7345;1508
25/11/2024;0;0;144;0;0;1188;0;627;0;0;0;0;0;0;0;0;0;0;0;0;2;0;19;0;0;0;0;0;1;0;0;0;881;0;0;0;0;0;0;0;0;0;85;5;0;0;0;0;0;0;790;0;0;0;0;0;0;0;17;0;1132;0;0;0;0;0;0;0;0;0;0;0;0;0;36;0;0;123;740;0;0;1;0;0;0;0;0;0;0;358;1;0;0;0;663;0;0;0;0;0;0;0;0;0;0;0;0;0;0;0;0;0;0;0;0;0;0;0;0;0;0;0;0;214;440;3;0;0;0;1;1;6418;1335
24/11/2024;0;0;179;0;0;0;0;116;0;0;0;0;0;0;0;0;0;0;0;0;0;0;0;0;0;0;0;0;0;0;0;0;111;0;0;0;0;0;0;0;0;0;111;0;0;0;0;0;0;0;0;0;0;0;0;0;0;0;170;0;0;0;0;0;0;0;0;0;0;0;0;0;0;0;40;0;0;0;91;0;0;0;0;0;0;0;0;0;0;176;0;0;0;0;91;0;0;0;0;0;0;0;0;0;0;0;0;0;0;0;0;0;0;0;0;0;0;0;0;0;0;0;0;0;161;0;0;0;0;0;1;919;370
23/11/2024;0;0;1447;0;0;0;0;906;0;0;0;0;0;0;0;0;0;0;6;0;0;0;0;0;0;0;0;0;0;0;0;0;991;0;0;0;0;0;0;0;0;0;828;138;0;0;0;0;0;0;0;0;0;0;0;0;0;0;1394;0;1;0;0;0;0;0;0;0;0;0;0;0;1;0;207;3;3;13;851;1;0;0;0;0;0;0;0;0;0;667;9;0;0;0;790;0;0;0;0;0;0;0;0;0;0;0;0;0;0;0;0;0;0;0;0;0;0;0;0;0;0;0;0;5;595;10;0;1;1;49;118;7045;1389
22/11/2024;0;0;1508;0;0;0;0;885;0;0;0;0;0;6;0;0;0;0;0;0;0;0;5;0;0;0;0;0;0;0;0;0;1054;0;0;0;0;0;0;0;0;0;0;1018;0;0;0;7;0;0;0;0;0;0;0;0;0;0;41;0;561;0;0;0;0;0;0;0;0;0;0;0;0;0;0;5;1;273;751;0;0;1;0;0;0;0;0;0;0;585;703;0;0;0;789;0;0;0;0;0;0;0;0;0;0;0;0;0;0;0;0;0;0;0;0;0;0;0;0;0;0;0;0;1;60;360;0;0;1;0;497;7250;1568
21/11/2024;0;0;1444;0;0;2;0;921;0;0;31;0;0;0;0;0;0;0;0;0;8;0;188;0;0;0;0;0;0;0;3;0;1064;0;0;0;0;0;0;0;0;0;0;66;0;0;0;1043;0;0;9;0;0;0;0;0;0;0;179;0;1096;0;0;0;0;0;0;0;0;0;0;0;0;0;2;0;277;177;523;0;0;117;0;0;0;0;0;0;0;568;0;0;0;0;541;0;0;0;0;0;0;0;0;0;0;0;0;0;0;0;0;0;0;0;0;0;0;0;0;0;0;0;0;0;0;393;0;0;388;0;172;7137;1409
20/11/2024;0;0;1445;3;0;1;0;0;0;0;926;0;0;0;0;0;0;0;4;0;0;0;756;0;0;0;0;0;0;0;0;0;1021;0;0;0;0;0;0;0;0;0;0;0;0;0;0;304;0;0;866;0;0;0;0;0;0;0;1260;0;0;0;0;0;0;1;0;0;0;0;0;0;0;0;110;0;734;0;2;0;0;329;0;0;0;0;0;0;0;585;0;0;0;0;0;0;0;0;0;0;0;0;0;0;0;0;0;0;0;0;0;0;0;0;0;0;0;0;0;0;0;0;0;8;0;208;1;0;505;0;0;6472;1275
19/11/2024;0;0;981;0;0;113;0;0;0;0;742;0;0;0;0;0;0;0;0;0;5;0;630;0;0;0;0;0;0;0;45;0;742;0;0;0;0;0;0;0;0;0;0;0;0;0;0;0;0;0;866;0;0;0;0;0;0;0;824;0;0;0;0;0;88;20;0;0;0;0;0;0;0;0;291;0;546;42;52;0;0;170;0;0;0;0;0;0;0;340;0;0;0;0;0;0;0;0;0;0;0;0;0;0;0;0;0;0;0;0;0;0;0;0;0;0;0;0;0;0;0;0;0;136;0;0;0;0;97;0;0;5482;1125
15/11/2024;0;0;0;0;0;211;0;0;0;0;144;0;0;0;0;0;0;0;0;0;0;0;86;0;0;0;0;0;0;0;173;0;0;0;0;0;0;0;0;0;0;0;0;0;0;0;0;0;0;0;181;0;0;0;0;0;0;0;0;0;0;0;0;0;0;177;0;1;0;0;0;0;0;0;59;0;0;46;119;0;0;0;0;0;0;0;0;0;0;190;0;0;0;0;0;0;0;0;0;0;0;0;0;0;0;0;0;0;0;0;0;0;0;1;0;0;0;0;0;0;0;0;0;115;0;0;0;0;0;0;0;1198;386
14/11/2024;0;0;0;0;0;1421;0;0;0;0;676;0;0;0;0;0;0;0;9;0;214;0;552;0;0;0;0;0;1;0;808;0;0;0;0;0;0;0;0;0;0;0;0;1;0;0;0;0;0;0;1023;0;0;0;0;0;0;0;0;0;0;0;0;0;0;948;81;1;0;0;0;0;3;0;332;1;0;167;733;0;1;0;0;0;0;0;0;0;0;640;0;0;1;0;3;0;0;0;0;0;1;0;0;0;0;0;0;0;0;0;0;0;0;189;0;0;0;0;0;0;0;0;0;434;0;141;0;0;0;0;0;6315;1524
13/11/2024;0;0;0;0;0;1569;0;0;0;0;0;0;0;0;0;0;0;0;0;0;839;0;0;0;0;0;0;0;7;0;842;0;0;0;0;0;0;0;0;0;0;0;0;0;0;0;0;1;0;0;1036;0;0;0;0;0;0;0;0;0;0;0;0;0;0;0;328;416;0;218;0;0;0;0;76;1;0;79;795;2;0;3;0;0;0;0;0;1;0;582;0;363;68;0;0;0;0;0;0;0;0;0;0;0;0;0;0;0;0;0;0;0;370;304;2;0;0;0;0;0;0;0;0;176;0;408;0;0;0;0;0;6117;1313
12/11/2024;0;2;0;0;0;1155;0;0;3;0;0;0;0;0;0;0;0;0;266;0;543;0;1;0;0;0;0;0;1;0;1006;0;0;0;0;0;0;0;0;0;0;0;0;1;0;0;0;3;0;0;1034;0;0;0;0;0;0;0;0;0;0;0;0;0;2;1;0;0;0;391;0;0;0;0;0;0;0;264;765;2;0;3;0;0;0;0;0;1;0;595;0;1378;0;0;0;0;0;0;0;0;349;14;0;0;0;0;0;0;0;0;0;0;649;0;90;0;0;0;0;0;0;0;0;3;1;430;0;0;0;0;0;7419;1625
11/11/2024;0;0;0;0;0;0;0;0;0;0;0;35;0;12;0;0;0;0;498;0;0;0;0;0;0;0;0;0;46;0;607;0;0;0;0;0;0;0;0;0;0;0;0;0;0;0;0;197;0;0;730;0;0;0;0;0;0;0;0;0;0;0;0;0;409;0;0;0;0;193;0;0;0;0;0;246;0;134;371;0;0;47;0;0;0;0;0;106;0;357;0;523;0;0;0;0;0;0;0;0;652;255;0;0;0;0;0;0;0;0;0;0;750;2;0;0;0;0;0;0;0;0;0;161;0;248;0;0;0;0;0;4279;1276
10/11/2024;0;0;0;0;0;0;0;0;0;0;0;0;0;0;0;0;0;0;92;0;0;0;0;0;0;0;0;0;102;0;0;0;0;0;0;0;0;0;0;0;0;0;0;0;0;0;0;148;0;0;0;0;0;0;0;0;0;0;0;0;0;0;0;0;145;0;0;0;0;0;0;0;0;0;0;109;0;0;0;0;0;36;0;0;0;0;0;130;0;0;0;0;0;0;0;0;0;0;0;0;187;0;0;0;0;0;0;0;0;0;0;0;115;0;0;0;0;0;0;0;0;0;0;123;0;0;0;0;0;0;0;950;262
09/11/2024;0;0;0;0;0;1;0;0;0;0;0;0;0;0;0;0;0;0;729;0;0;0;0;0;0;0;0;0;1069;0;0;0;0;0;0;0;0;0;0;0;0;0;0;2;0;0;0;792;0;0;168;0;0;0;0;0;0;0;0;0;0;0;0;0;844;140;0;0;0;0;0;0;0;0;0;800;0;0;4;31;10;211;0;0;0;0;0;381;0;214;0;0;0;0;2;1;0;0;0;0;1093;0;0;0;0;0;0;0;0;0;0;0;595;258;0;0;0;0;0;0;0;0;2;723;0;0;0;1;0;0;0;6350;1194
08/11/2024;0;2;0;0;0;268;0;1;0;0;0;4;0;4;0;0;0;0;499;0;0;0;0;0;0;0;0;0;1156;0;0;0;0;0;0;0;0;0;0;0;0;0;3;1103;0;0;0;0;0;0;87;0;0;0;0;0;0;0;0;0;0;0;0;0;0;944;0;0;0;0;0;0;0;0;0;380;0;0;606;51;62;0;0;0;0;0;0;0;0;635;0;254;0;0;227;0;0;0;0;0;888;0;0;0;0;0;0;0;0;0;0;0;0;1111;0;0;0;0;0;0;0;0;1;694;0;1;0;3;0;0;0;6474;1215
07/11/2024;0;0;0;0;0;1209;1;0;1;0;0;0;0;0;0;0;0;0;0;0;0;0;0;0;0;0;0;0;1103;0;0;0;0;0;0;0;0;0;0;0;0;0;174;938;0;0;0;0;0;0;8;0;0;0;0;0;0;0;0;0;0;0;0;0;0;325;0;0;0;0;0;0;0;0;0;0;0;0;953;0;97;3;0;0;0;0;0;0;1;636;0;933;0;0;816;0;0;0;0;0;1;0;0;0;0;0;0;0;0;0;0;0;2;1201;0;0;0;0;0;0;0;0;0;482;0;0;1;210;0;0;0;6824;1536
06/11/2024;0;0;0;0;0;1004;0;0;210;0;0;0;0;0;0;0;0;0;0;0;0;0;0;0;0;0;0;0;1120;0;0;0;0;0;0;1;249;0;0;0;0;0;808;2;0;0;0;0;0;0;0;0;0;0;0;0;0;0;0;0;0;0;0;0;3;1193;0;0;0;0;0;0;0;0;0;0;0;0;829;0;2;252;0;0;0;0;0;6;0;552;0;0;0;0;713;71;0;0;0;0;0;0;0;0;0;0;0;0;0;0;0;0;196;1006;0;0;0;0;0;0;0;0;2;176;0;78;31;348;0;0;0;6917;1446
05/11/2024;0;0;0;0;0;4;0;0;1183;0;0;0;0;0;0;0;0;0;0;0;0;0;0;0;0;0;0;0;1145;0;0;0;0;0;0;2;943;0;0;0;0;0;0;0;0;0;0;0;0;0;0;0;0;0;0;0;0;0;1;0;0;0;0;0;822;611;0;0;0;0;0;0;4;0;2;0;0;0;812;0;1;259;0;0;0;0;0;0;0;642;0;0;0;0;779;29;0;0;0;0;0;0;0;0;0;0;0;0;0;0;0;0;1184;0;0;0;0;0;0;0;0;0;9;0;57;208;409;0;0;0;0;7308;1607
04/11/2024;2;1;0;0;0;127;0;94;1008;3;0;0;0;0;0;0;0;0;0;0;0;0;0;0;0;0;0;0;877;0;0;0;0;0;0;676;164;0;0;0;0;0;0;0;0;0;0;0;0;0;0;0;0;0;0;0;0;0;0;0;0;0;0;0;1088;0;0;0;0;0;0;0;69;0;0;0;0;0;631;0;0;145;0;0;0;0;0;0;0;435;0;0;0;0;733;0;0;0;0;0;0;0;0;0;0;0;0;0;0;0;0;0;860;4;0;0;0;0;0;0;0;0;198;0;196;0;96;0;0;0;0;6057;1302
02/11/2024;1;0;0;0;0;171;0;107;172;0;0;0;0;0;0;0;0;0;0;0;0;0;0;0;0;0;0;0;161;0;0;0;0;0;0;183;0;0;0;0;0;0;0;0;0;0;0;0;0;0;0;0;0;0;0;0;0;0;0;0;0;0;0;0;0;0;0;0;0;0;0;0;70;0;2;0;0;0;136;0;0;0;0;0;0;0;0;0;0;200;0;0;0;0;102;0;0;0;0;0;0;0;0;0;0;0;0;0;0;0;0;0;0;0;0;0;0;0;0;0;0;0;142;0;44;1;0;0;0;0;0;1048;443
01/11/2024;745;76;0;0;0;1300;0;1044;1613;0;0;0;0;0;0;0;0;0;0;0;0;0;0;0;0;0;0;0;1188;0;0;0;0;0;0;477;0;0;0;0;0;0;0;0;0;0;0;0;0;0;0;0;0;0;0;0;0;0;0;0;0;0;0;0;0;0;0;0;0;0;0;0;171;0;23;1;1;0;412;0;4;0;0;0;0;0;0;0;0;1216;0;0;0;0;908;0;0;0;0;0;2;0;0;0;0;0;0;0;0;0;0;0;0;0;0;0;0;0;0;0;0;0;902;0;157;4;0;0;0;0;0;7327;1746
31/10/2024;1;1055;0;0;0;1048;0;870;1310;0;0;0;0;0;0;0;0;0;0;0;0;0;0;0;0;0;0;0;1019;0;0;0;0;0;0;1;1;0;0;0;0;0;0;0;0;0;0;0;0;0;0;0;0;0;0;0;0;0;0;0;0;0;0;0;0;0;0;0;0;0;0;0;0;0;62;0;0;0;419;0;43;2;0;0;0;0;0;0;0;945;0;0;0;0;717;0;0;0;0;0;0;0;0;0;0;0;0;0;0;0;0;0;0;0;0;0;0;0;0;0;0;0;923;0;44;89;0;0;0;0;0;7463;1541
30/10/2024;4;1180;0;0;0;72;0;943;2411;133;2;0;0;0;0;0;0;0;3;0;0;0;1;0;0;0;0;0;953;0;0;0;0;0;0;0;0;0;0;0;0;0;0;0;0;0;0;0;0;0;0;0;0;0;0;0;0;0;0;0;0;0;0;0;0;0;0;0;0;0;0;0;0;0;6;0;0;0;539;0;71;8;0;0;0;0;0;555;1;507;0;0;0;0;903;0;0;0;0;0;0;0;0;0;0;0;0;0;0;0;0;0;0;0;0;0;0;0;0;0;0;0;1049;8;0;152;0;0;0;0;0;7806;1665
29/10/2024;945;247;0;0;0;3;0;714;1216;1062;215;0;0;0;0;0;0;0;0;0;0;0;18;0;0;0;0;0;1152;0;0;0;0;0;0;2;7;0;0;0;0;0;0;0;0;0;0;0;0;0;0;0;0;0;0;0;0;0;0;0;0;0;0;0;0;0;0;0;0;0;0;0;0;0;125;0;0;0;431;0;14;14;0;0;0;0;0;1082;0;0;0;0;0;0;793;0;0;0;0;0;330;0;0;0;0;0;0;0;2;0;0;0;0;1;0;0;0;0;0;0;0;0;1073;4;1;155;0;1;0;0;0;7548;1637
28/10/2024;247;12;0;0;0;0;0;0;1033;1;815;0;0;0;0;0;0;0;0;0;0;0;23;0;0;0;0;0;957;0;0;0;0;0;0;3;733;0;0;0;0;0;0;0;0;0;0;0;0;0;0;0;0;0;0;0;0;0;1;0;0;0;0;0;0;0;0;0;0;0;0;0;0;0;175;0;0;0;211;0;0;57;0;0;0;0;0;884;0;0;0;0;0;0;714;0;0;0;1;0;1241;0;0;0;0;0;0;0;5;0;0;0;0;0;0;0;0;0;0;0;0;0;394;493;1;113;0;0;0;0;0;6497;1353
27/10/2024;0;0;0;0;0;0;0;0;0;0;109;0;0;0;0;0;0;0;0;0;0;0;0;0;0;0;0;0;0;0;0;0;0;0;0;0;0;0;0;0;0;0;0;0;0;0;0;0;0;0;0;0;0;0;0;0;0;0;0;0;0;0;0;0;0;0;0;0;0;0;0;0;0;0;62;0;0;0;0;0;0;59;0;0;0;0;0;133;0;0;0;0;0;0;0;0;0;0;0;0;165;0;0;0;0;0;0;0;0;0;0;0;0;0;0;0;0;0;0;0;0;0;0;125;0;48;0;0;0;0;0;521;172
26/10/2024;0;0;0;0;0;0;0;0;226;0;920;0;0;0;0;0;0;0;0;0;0;0;0;0;0;0;0;0;165;0;0;0;0;0;0;7;142;0;0;0;0;0;0;0;0;0;0;0;0;0;0;0;0;0;0;0;0;0;1;0;0;0;0;0;0;0;0;0;0;0;0;0;0;0;224;0;1;0;213;0;0;79;0;0;0;0;0;785;249;0;0;0;0;0;106;0;0;0;0;0;1385;1;0;0;0;0;0;0;0;0;0;0;0;0;0;0;0;0;0;0;0;0;1;733;278;174;0;0;0;0;0;5197;1216
25/10/2024;10;0;0;0;0;0;0;0;1438;0;956;0;0;0;0;0;0;0;0;0;0;0;231;0;0;0;0;0;1140;0;1;0;0;0;0;889;123;0;0;0;0;0;0;0;0;0;0;0;1;0;0;0;0;0;0;0;0;0;6;0;2;0;0;0;0;0;0;0;0;0;0;0;0;0;227;1;153;0;274;0;0;3;0;0;0;0;0;1;1083;0;0;0;0;0;553;0;0;0;2;0;1334;123;0;0;0;0;0;0;0;2;0;0;0;0;0;0;0;0;0;0;0;0;5;0;1101;167;0;0;0;0;0;7794;1800
24/10/2024;867;5;0;0;0;0;0;7;849;0;881;0;0;0;0;0;0;0;0;0;0;0;794;0;0;0;0;0;1102;0;0;0;0;0;0;17;0;0;0;0;0;0;0;0;0;0;0;0;0;0;0;0;0;0;0;0;0;0;51;0;248;0;0;0;0;0;0;0;0;0;0;0;0;0;253;2;440;0;0;0;0;2;0;0;0;0;0;774;334;0;0;0;0;0;0;0;0;0;0;0;1373;0;0;0;0;0;0;0;3;253;0;0;0;0;0;0;0;0;0;0;0;0;0;0;189;814;0;0;0;0;0;7338;1824
23/10/2024;240;939;0;0;0;0;0;891;0;0;69;0;0;0;0;0;0;0;2;0;0;0;768;0;0;0;0;0;1094;0;0;0;12;0;6;0;0;0;0;0;0;0;0;0;0;0;0;0;0;0;1;0;0;0;0;0;0;0;1244;1;0;0;0;0;0;0;0;0;0;0;0;0;0;0;237;89;333;0;0;0;0;0;0;0;0;0;0;1082;0;0;0;0;0;0;0;0;0;0;0;0;1488;0;0;0;0;0;0;0;614;429;0;0;0;0;0;0;0;0;0;0;0;0;1;0;0;154;0;0;0;0;0;6900;1575
22/10/2024;0;1267;0;0;0;0;0;878;0;0;1;0;0;0;0;0;0;0;3;0;0;0;753;0;0;0;0;0;1131;0;0;0;5;0;0;0;0;0;0;0;0;0;0;0;0;0;0;0;4;0;4;0;0;0;0;0;0;0;1273;1;1;0;0;0;0;0;0;0;0;0;0;0;0;0;228;437;6;0;0;0;0;1;0;0;0;0;0;1091;0;0;0;0;0;0;0;0;0;0;1;0;1380;0;0;0;0;0;0;0;795;0;0;0;0;0;0;0;0;0;0;0;0;0;287;0;0;152;0;0;0;0;0;6662;1439
21/10/2024;0;823;204;0;0;0;0;799;0;0;0;0;0;0;0;0;0;0;9;0;0;0;657;0;0;0;0;0;945;0;0;0;4;0;0;0;0;0;0;0;0;0;0;0;0;0;0;0;0;0;85;0;0;0;0;0;0;0;1051;0;0;0;0;0;0;0;0;0;0;0;0;0;0;0;112;304;5;0;0;0;0;1;0;0;0;0;0;923;2;0;0;0;0;0;0;0;0;0;0;0;1034;0;0;0;0;0;0;0;0;0;0;0;0;0;0;0;0;0;0;0;0;0;931;0;0;115;1;0;0;0;0;6168;1250
20/10/2024;0;0;140;0;0;0;0;90;0;0;0;0;0;0;0;0;0;0;0;0;0;0;76;0;0;0;0;0;137;0;0;0;0;0;0;0;0;0;0;0;0;0;0;0;0;0;0;0;0;0;137;0;0;0;0;0;0;0;176;0;0;0;0;0;0;0;0;0;0;0;0;0;0;0;29;102;0;0;0;0;0;0;0;0;0;0;0;124;1;0;0;0;0;0;0;0;0;0;0;0;0;0;0;0;0;0;0;0;0;0;0;0;0;0;0;0;0;0;0;0;0;0;128;0;0;27;1;0;0;0;0;1384;203
19/10/2024;0;0;1416;0;0;0;0;667;0;0;311;0;0;0;0;0;0;0;229;0;0;0;442;0;0;0;0;0;1108;0;0;0;0;0;0;0;0;0;0;0;0;0;0;0;0;0;0;0;289;0;870;0;0;0;0;0;0;0;1180;15;0;0;0;0;0;0;0;0;0;0;0;0;0;0;62;234;226;0;0;0;0;88;0;0;0;0;0;836;211;0;0;0;0;0;0;0;0;0;2;0;0;0;0;0;0;0;0;0;0;0;0;0;0;0;0;0;0;0;0;0;0;0;1039;1;0;162;3;0;0;0;0;6662;1434
18/10/2024;0;0;1497;0;0;2;0;0;0;0;708;0;0;0;0;0;0;0;812;0;0;0;0;0;0;0;0;0;832;0;0;0;201;0;0;0;0;0;0;0;0;0;0;0;0;0;0;130;0;0;1080;0;0;0;0;0;0;0;150;1103;0;0;0;0;0;0;0;0;0;0;0;0;0;0;0;0;409;0;1;0;0;167;0;0;0;0;0;130;871;98;0;0;0;0;5;0;0;0;0;0;0;0;0;0;0;0;0;0;0;0;0;0;0;234;0;0;0;0;0;0;0;0;977;1;1;175;137;4;0;0;0;6518;1442
17/10/2024;0;0;1442;43;0;2;0;0;0;0;0;0;0;0;0;0;0;0;757;0;0;0;0;0;0;0;0;0;0;0;0;0;1025;0;0;0;0;0;0;0;0;0;0;0;0;0;0;0;0;0;1150;0;0;0;0;0;0;0;0;1178;1;0;0;0;0;0;0;0;0;0;0;0;0;0;0;0;512;0;0;0;0;167;0;0;0;0;0;0;1033;0;0;0;0;0;0;1;0;0;0;0;0;0;0;0;0;0;0;0;0;0;0;0;3;1004;0;0;0;0;0;0;0;0;0;0;1;168;349;415;6;63;198;6621;1269
16/10/2024;0;0;1382;104;0;0;0;0;0;0;0;0;0;0;0;0;0;0;768;0;0;0;0;0;0;0;0;0;0;0;0;0;998;0;0;0;0;0;0;0;0;0;0;0;0;0;0;1;0;0;1204;0;0;0;0;0;0;0;0;1213;11;0;0;0;0;0;0;0;0;110;0;0;0;0;0;0;429;0;0;0;0;136;0;0;0;0;0;0;1061;0;0;0;0;0;0;0;0;0;0;0;0;0;0;0;0;0;0;0;0;0;0;0;1;983;0;0;0;0;0;0;0;0;0;180;207;604;0;0;86;18;0;6792;1371
15/10/2024;0;0;1410;0;0;1;0;0;2;0;0;0;0;0;0;0;0;0;775;0;0;0;0;0;0;0;0;0;0;0;0;0;1009;0;0;0;0;0;0;0;0;0;0;0;0;0;0;0;1;0;1201;0;0;0;0;0;0;0;0;190;1013;0;0;0;0;0;0;0;0;281;0;0;0;0;0;0;399;0;5;0;0;145;0;0;0;0;0;1;1070;4;0;0;0;0;1;0;0;0;1;0;0;0;0;0;0;0;0;0;0;0;0;0;455;602;0;0;0;0;0;0;0;0;0;786;248;0;0;0;0;0;0;6699;1501
14/10/2024;0;0;1032;0;0;0;0;0;1;0;0;0;0;0;0;0;0;0;525;0;0;0;1;0;0;0;0;0;2;0;1;0;817;0;0;0;0;0;0;0;0;0;0;0;0;0;0;0;267;0;739;0;0;0;0;0;0;0;0;0;1018;0;0;0;0;0;0;0;0;92;0;0;0;0;0;0;236;0;26;0;0;94;0;0;0;0;0;131;694;0;0;0;0;0;0;0;0;0;97;0;0;0;0;0;0;0;0;0;0;0;0;0;1025;0;0;0;0;0;0;0;0;0;0;719;159;0;2;2;2;1;2;5551;998
12/10/2024;0;0;173;0;0;0;0;0;0;0;0;0;0;0;0;0;0;0;0;0;0;0;0;0;0;0;0;0;0;0;0;0;128;0;0;0;0;0;0;0;0;0;0;0;0;0;0;0;149;0;0;0;0;0;0;0;0;0;0;0;172;0;0;0;0;0;0;0;0;0;0;0;0;0;0;0;0;0;109;0;0;46;0;0;0;0;0;153;0;0;1;0;0;0;0;0;0;0;135;0;0;0;0;0;0;0;0;0;0;0;0;0;178;0;0;0;0;0;0;0;0;0;0;154;70;0;0;0;0;0;0;1208;298
11/10/2024;0;0;938;0;0;68;0;0;177;0;0;0;0;0;0;0;0;0;0;0;0;0;0;0;0;0;0;0;0;0;0;0;997;0;0;0;0;0;0;0;0;0;0;0;0;0;0;1;1103;0;0;0;0;0;0;0;0;0;0;0;1292;0;0;0;0;0;0;0;0;0;0;0;0;0;0;0;0;0;373;0;0;157;0;0;0;0;0;1074;1;3;2;1;0;0;219;0;0;0;493;0;0;0;0;0;0;0;0;0;0;0;0;0;1242;0;0;0;0;0;0;0;0;0;0;1074;277;0;0;0;0;0;0;7055;1575
10/10/2024;0;0;0;0;0;1;0;0;1241;1;0;0;0;0;0;0;0;0;0;0;0;0;0;0;0;0;0;0;0;0;5;0;994;0;0;0;0;0;0;0;0;0;0;0;0;0;0;5;1088;0;0;0;0;0;0;0;0;0;0;0;907;0;0;0;0;2;0;0;0;0;0;0;0;0;4;0;0;0;338;0;0;161;0;0;0;0;0;329;28;692;293;3;0;0;520;244;11;0;0;0;0;0;0;0;0;0;0;0;2;0;0;0;1208;0;0;0;0;0;0;0;0;0;0;73;1304;1;2;2;2;1;2;7317;1527
09/10/2024;0;0;0;0;0;14;0;0;1211;0;0;0;0;0;0;0;0;0;0;0;0;0;0;0;0;0;0;0;0;0;7;0;978;0;0;0;0;0;0;0;0;0;0;0;0;0;0;9;893;0;2;0;0;0;0;0;0;0;0;0;207;0;0;0;0;1;0;0;0;0;0;0;0;0;106;0;0;1;310;0;0;46;0;0;0;0;0;4;0;1053;897;0;0;0;654;131;0;0;0;0;0;0;0;0;0;0;0;0;297;0;0;0;1232;0;0;0;0;0;0;0;0;0;0;0;990;0;0;0;0;0;0;7203;1478
08/10/2024;0;0;0;0;0;976;0;0;162;0;0;0;0;0;0;0;0;0;0;0;4;0;0;0;0;0;0;0;0;0;0;0;609;0;0;0;0;0;0;0;0;0;5;0;0;0;0;845;197;0;1;0;0;0;0;0;0;0;0;0;1038;0;0;0;4;0;0;0;0;0;0;0;0;0;195;0;0;0;411;0;0;0;0;0;0;0;0;347;0;748;0;0;0;0;742;0;0;0;0;0;0;0;0;0;0;0;0;0;952;0;0;0;1123;0;0;0;0;0;0;0;0;0;0;0;172;0;0;0;0;0;0;7016;1540
07/10/2024;0;0;0;0;0;1072;2;1;1;0;1;0;0;0;0;0;0;0;0;0;2;0;0;0;0;0;0;0;5;0;0;0;0;0;0;0;0;0;0;0;0;0;2;0;0;0;0;915;0;0;0;0;0;0;0;0;0;0;0;0;827;0;0;0;104;0;0;0;0;0;0;0;0;0;75;0;0;1;359;0;0;0;0;0;0;0;0;991;0;2;0;0;0;0;773;0;0;0;0;0;0;0;0;0;0;0;0;0;590;0;0;0;969;2;57;5;0;0;0;0;0;0;88;0;142;0;2;2;2;1;61;6023;1213
06/10/2024;0;0;0;0;0;0;0;0;0;0;0;0;0;0;0;0;0;0;0;0;0;0;0;0;0;0;0;0;0;0;0;0;0;0;0;0;0;0;0;0;0;0;8;0;0;0;0;144;0;0;0;0;0;0;0;0;0;0;0;0;0;0;0;0;164;0;0;0;0;0;0;0;0;0;0;0;0;1;152;0;0;0;0;0;0;0;0;0;0;0;0;0;0;0;78;0;0;0;0;0;0;0;0;0;0;0;0;0;0;0;0;0;0;0;0;0;0;0;0;0;0;0;0;0;62;0;0;0;0;0;0;322;102
05/10/2024;0;0;0;0;0;182;0;0;0;0;0;0;0;0;0;0;0;0;0;0;1;0;0;0;0;0;0;0;0;0;245;0;0;0;0;0;0;0;0;0;0;0;1051;2;0;0;0;62;0;0;0;0;0;0;0;0;0;0;0;0;0;0;0;0;1142;0;1;0;0;0;0;0;0;0;0;0;0;6;499;0;0;0;0;0;0;0;0;184;0;2;0;4;0;0;830;0;0;0;1;0;0;0;0;0;0;0;0;0;0;0;0;0;0;52;33;94;0;0;0;0;0;0;123;0;290;0;0;0;0;0;0;4187;1092
04/10/2024;0;0;0;0;0;1305;0;2;0;0;0;0;0;0;0;0;0;0;0;0;12;0;0;0;0;0;0;0;0;0;1088;0;0;0;0;0;0;0;0;0;0;0;1151;6;0;0;0;2;0;0;10;0;0;0;0;0;0;0;0;0;0;0;0;0;781;0;96;0;0;0;0;0;0;0;0;0;0;125;402;0;1;0;0;0;0;0;0;197;0;1113;0;269;0;0;771;0;0;0;0;0;0;0;0;0;0;0;0;0;0;0;0;0;0;1162;0;0;0;0;0;0;0;0;880;0;262;2;0;0;0;0;0;7322;1649
03/10/2024;0;0;0;0;0;1417;0;7;0;0;0;0;0;0;0;0;0;0;1;0;3;0;0;0;0;0;0;0;0;0;1062;0;0;0;0;0;0;0;0;0;0;0;12;276;0;0;0;1;0;0;779;0;0;0;0;0;0;0;0;0;0;0;0;0;0;5;2;5;0;0;0;0;0;0;0;0;0;140;369;0;16;0;0;0;0;0;0;3;0;1125;0;1071;106;0;795;0;0;0;1;0;0;0;0;0;0;0;0;0;0;0;0;0;0;948;0;0;0;0;0;0;0;0;649;0;452;2;0;0;0;0;0;7866;1592
02/10/2024;0;0;0;0;0;1443;0;0;1;0;0;0;0;0;0;0;0;0;0;0;14;0;3;0;0;0;0;0;1;0;1031;0;0;0;0;0;0;0;0;0;0;0;0;938;0;0;0;0;0;0;0;0;0;0;0;0;0;0;0;0;0;0;0;0;1;1258;0;44;0;0;0;0;0;0;0;0;0;1;400;0;54;1;0;0;0;0;0;0;0;1264;0;0;85;0;810;0;0;0;0;0;0;0;0;0;0;0;0;0;0;0;0;0;0;952;0;0;0;0;0;0;0;0;0;0;1126;0;0;0;0;0;0;7609;1247
01/10/2024;0;0;0;0;0;1386;85;2;0;2;0;0;0;0;0;0;0;0;0;0;183;0;4;0;0;0;0;0;0;0;715;0;0;0;0;0;0;0;0;0;0;0;0;720;0;0;0;3;0;0;391;0;0;0;0;0;0;0;0;0;0;0;0;0;1;1471;0;10;0;0;0;0;0;0;0;0;0;1;577;1;17;115;0;0;0;0;0;0;0;1303;0;1;2;0;926;0;0;0;0;0;0;0;0;0;0;0;0;0;0;1;0;0;0;1024;0;0;0;0;0;0;0;0;501;1;744;0;0;0;0;0;0;7254;1523
30/09/2024;0;0;0;0;0;1038;1;68;0;6;0;0;0;0;0;0;0;0;0;0;629;0;15;0;0;0;0;0;0;0;0;0;0;0;0;0;0;0;0;0;0;0;1;0;0;0;0;881;0;0;175;0;0;0;0;0;0;0;0;0;1;0;0;0;371;417;4;2;0;0;0;0;0;0;0;0;0;0;266;0;0;83;0;0;0;0;0;323;0;450;0;5;24;0;1081;0;0;0;0;0;0;0;0;0;0;0;0;0;0;0;0;0;0;628;0;0;0;0;0;0;0;0;916;0;0;0;0;0;0;0;0;6297;1272
29/09/2024;0;0;0;0;0;160;0;110;0;3;0;0;0;0;0;0;0;0;0;0;114;0;8;0;0;0;0;0;0;0;0;0;0;0;0;0;0;0;0;0;0;0;0;0;0;0;0;71;0;0;0;0;0;0;0;0;0;0;0;0;0;0;0;0;0;0;0;0;0;0;0;0;0;0;0;0;0;0;88;0;0;33;0;0;0;0;0;34;0;2;0;0;0;0;13;0;0;0;0;0;0;0;0;0;0;0;0;0;0;0;0;0;0;0;0;0;0;0;0;0;0;0;177;0;1;4;0;0;0;0;0;1129;224
28/09/2024;0;0;0;0;0;744;15;880;1;585;0;0;0;0;0;0;0;0;4;0;739;0;2;0;0;0;0;0;0;0;0;0;0;0;0;0;0;0;0;0;0;0;0;0;0;0;0;792;0;0;243;0;0;0;0;0;0;0;0;0;0;0;0;0;945;1;0;0;0;0;0;0;0;0;0;0;0;9;543;0;0;33;0;0;0;0;0;559;1;399;0;193;0;0;1096;0;0;0;0;0;0;0;0;0;0;0;0;0;0;0;0;0;0;0;0;0;0;0;0;0;0;0;931;1;9;198;0;0;0;0;0;7214;1508
27/09/2024;0;0;0;0;0;0;0;943;218;1228;1;0;0;0;0;0;0;0;21;0;724;0;5;0;0;0;0;0;1;0;1;0;0;0;0;0;1;0;0;0;0;0;0;7;0;0;0;0;8;0;1154;0;0;0;0;0;0;0;0;0;0;0;0;0;3;0;0;0;0;0;0;0;0;0;0;0;0;108;475;0;0;1;0;0;0;0;0;5;0;1051;0;1237;0;0;1119;0;0;0;0;0;0;0;0;0;0;0;0;0;0;1;0;0;0;0;0;0;0;0;0;0;0;0;1064;4;206;34;0;0;0;0;0;7364;1427
26/09/2024;0;0;0;0;0;0;0;882;1396;0;1;0;0;0;0;0;0;0;8;0;745;0;3;0;0;0;0;0;0;0;0;0;0;0;0;0;0;0;0;0;0;0;0;2;0;0;0;1;1;0;1007;0;0;0;0;0;0;0;1;0;1;0;0;0;268;1;0;0;0;0;0;0;0;0;0;0;0;115;390;0;0;0;0;0;0;0;0;1;69;861;0;979;0;0;1241;0;0;0;0;0;0;0;0;0;0;0;0;0;0;0;0;0;0;0;0;0;0;0;0;0;0;0;30;261;359;493;0;0;0;0;0;7796;1484
25/09/2024;0;0;0;0;0;2;0;854;1282;0;2;0;0;0;0;0;0;0;0;0;384;0;207;0;0;0;0;0;0;0;5;0;0;0;0;0;0;0;0;0;0;0;1;9;0;0;0;534;310;0;285;0;0;0;0;0;0;0;0;0;1;0;0;0;1199;4;0;0;0;0;0;0;0;0;0;0;0;118;437;0;0;1;0;0;0;0;0;0;210;792;1;0;0;0;1269;0;0;0;0;0;0;0;0;0;0;0;0;0;0;0;0;0;0;0;0;0;0;0;0;0;0;0;0;1038;231;0;0;0;0;0;0;7095;1426
24/09/2024;0;0;0;0;0;11;0;626;1072;0;88;0;0;0;0;0;0;0;2;0;0;0;760;0;0;0;0;0;0;0;0;0;0;0;0;0;0;0;0;0;0;0;0;4;0;0;0;0;1201;0;0;0;0;0;0;0;0;0;0;0;9;0;0;0;867;398;0;0;0;0;0;0;0;0;0;0;0;135;411;0;0;3;0;0;0;0;0;3;0;1053;5;0;0;0;924;0;0;0;0;0;0;0;0;0;0;0;0;0;0;0;0;0;0;0;0;0;0;0;0;0;0;0;291;779;245;4;0;0;0;0;0;7003;1369
23/09/2024;0;0;0;0;0;757;0;788;407;0;1;0;0;0;0;0;0;0;161;0;0;0;503;0;0;0;0;0;0;0;1;0;0;0;0;0;0;0;0;0;0;0;3;382;0;0;0;0;480;0;2;0;0;0;0;0;0;0;0;0;0;0;0;0;0;805;0;0;0;4;0;0;0;0;1;0;0;25;338;0;0;44;0;0;0;0;0;71;0;749;0;174;0;0;3;0;0;0;1;0;1;0;0;0;0;0;0;0;0;0;0;0;0;0;0;0;0;0;0;0;0;0;799;0;148;0;0;0;0;0;0;5336;1229
22/09/2024;0;0;0;0;0;173;0;117;0;0;6;0;0;0;0;0;0;0;0;0;0;0;0;0;0;0;0;0;0;0;0;0;0;0;0;0;0;0;0;0;0;0;0;0;0;0;0;0;0;0;0;0;0;0;0;0;0;0;0;0;0;0;0;0;0;0;0;0;0;3;0;0;0;0;0;1;0;0;117;0;0;39;0;0;0;0;0;135;0;0;0;0;0;0;0;0;0;0;0;0;0;0;0;0;0;0;0;0;0;0;0;0;0;0;0;0;0;0;0;0;0;0;126;0;46;0;0;0;0;0;0;372;324
21/09/2024;0;0;0;0;0;692;0;436;0;0;32;0;0;0;0;0;0;0;86;0;0;0;0;0;0;0;0;0;0;0;0;0;0;0;0;0;0;0;0;0;0;0;5;158;0;0;0;0;0;0;0;0;0;0;0;0;0;0;0;0;0;0;0;0;0;0;0;0;0;226;0;0;0;0;0;0;0;0;502;0;0;147;0;0;0;0;0;524;0;2;0;173;0;0;0;0;0;0;0;0;0;0;0;0;0;0;0;0;0;1;0;0;0;0;0;0;0;0;0;0;0;0;307;1;165;0;0;0;0;0;0;3163;827
20/09/2024;0;0;0;0;0;1431;0;0;0;0;958;0;0;0;0;0;0;0;707;0;0;0;0;0;0;0;0;0;0;0;255;0;0;0;0;0;0;0;0;0;0;0;5;1081;0;0;0;0;0;0;0;0;0;0;0;0;0;0;0;0;0;0;0;0;0;9;0;0;0;138;0;0;0;0;0;1;0;0;495;0;0;126;0;0;0;0;0;1021;0;0;0;1076;0;0;14;0;0;0;0;0;0;0;0;0;0;0;0;0;0;0;0;0;0;0;0;0;0;0;0;0;0;0;914;4;162;0;0;0;0;0;0;7150;1359
19/09/2024;0;0;0;0;0;1350;0;0;0;0;878;0;0;0;0;0;0;0;798;0;0;0;0;0;0;0;0;0;0;0;977;0;0;0;0;0;0;0;0;0;0;0;3;1030;0;0;0;3;0;0;0;0;0;0;0;0;0;0;0;0;1;0;0;0;0;1109;0;0;0;270;0;0;0;0;0;5;0;0;481;0;0;119;0;0;0;0;0;1039;0;0;0;8;0;0;6;0;0;0;0;0;0;0;0;0;0;0;0;0;0;1;0;0;0;0;0;0;0;0;0;0;0;0;754;7;156;1;0;0;0;0;0;7174;1424
18/09/2024;0;0;0;0;0;1422;0;0;0;0;911;0;0;0;0;0;0;0;553;0;1;0;0;0;0;0;0;0;224;0;805;0;0;0;0;0;0;0;0;0;0;0;894;181;0;0;0;0;0;0;13;0;0;0;0;0;0;0;0;0;318;0;0;0;0;799;0;0;0;92;0;0;0;0;0;196;0;1;303;0;35;41;0;0;0;0;0;1043;0;3;0;0;0;0;235;0;0;0;1;0;0;0;0;0;0;0;0;0;0;0;0;0;0;0;0;0;0;0;0;0;0;0;1;894;154;1;0;0;0;0;0;7380;1443
17/09/2024;0;0;0;0;0;1421;0;0;2;0;649;0;0;0;0;0;0;0;0;0;0;0;0;0;0;0;0;0;752;0;0;0;0;0;0;3;0;0;0;0;0;0;1172;0;0;0;0;3;2;0;7;0;0;0;0;0;0;0;104;0;1168;0;0;0;0;0;0;0;0;0;0;0;0;0;0;0;0;0;584;1;57;2;0;0;0;0;0;1095;0;1;0;0;0;0;797;0;4;0;1;0;0;0;0;0;0;0;0;0;0;0;0;0;237;1;0;0;0;0;0;0;0;0;2;791;163;279;0;0;0;0;0;7176;1674
16/09/2024;0;0;0;0;0;1047;0;0;0;0;0;0;0;0;0;0;0;0;0;0;0;0;0;0;0;0;0;0;0;0;0;0;0;0;0;0;0;0;0;0;0;0;412;0;0;0;0;452;0;0;4;0;0;0;0;0;0;0;130;0;688;0;0;0;0;0;0;0;0;0;0;0;0;0;0;0;0;0;333;8;5;23;0;0;0;0;0;862;0;3;0;0;0;0;647;0;0;0;2;0;154;1;0;0;0;0;0;0;0;0;0;0;784;1;0;0;0;0;0;0;0;0;38;0;40;815;0;0;0;0;0;6036;1315
15/09/2024;0;0;0;0;0;1;0;0;0;0;0;0;0;0;0;0;0;0;0;0;0;0;0;0;0;0;0;0;0;0;0;0;0;0;0;0;0;0;0;0;0;0;0;0;0;0;0;139;0;0;0;0;0;0;0;0;0;0;145;0;0;0;0;0;0;0;0;0;0;0;0;0;0;0;3;0;0;0;137;0;0;15;0;0;0;0;0;139;0;1;0;0;0;0;103;0;0;0;0;0;155;0;0;0;0;0;0;0;0;0;0;0;104;1;0;0;0;0;0;0;0;0;40;0;0;139;0;0;0;0;0;1115;239
14/09/2024;0;0;0;0;0;0;0;0;3;0;0;0;0;0;0;0;0;0;0;0;0;0;0;0;0;0;0;0;0;0;0;0;0;0;0;0;0;0;0;0;0;0;0;0;0;0;0;658;0;0;218;0;0;0;0;0;0;0;596;0;285;0;0;0;0;0;0;0;0;0;0;0;0;0;0;0;0;0;516;1;0;79;0;0;0;0;0;545;0;310;0;0;0;0;706;1;0;0;5;0;1373;0;0;0;0;0;0;0;0;0;0;0;678;237;0;0;0;0;0;0;0;0;393;0;0;615;0;0;0;0;0;6311;1308
13/09/2024;0;0;0;0;0;0;0;0;3;0;0;0;0;0;0;0;0;0;0;0;0;0;0;0;0;0;0;0;0;0;0;0;0;0;0;0;0;0;0;0;0;0;0;0;0;0;0;0;0;0;1171;0;0;0;0;0;0;0;0;0;1201;0;0;0;0;0;0;0;0;0;0;0;0;0;0;0;0;0;542;42;0;61;0;0;0;0;0;0;0;1049;0;0;0;0;571;0;199;0;18;0;1358;0;0;0;0;0;0;0;1;1;0;0;0;1016;0;0;0;0;0;0;0;0;1150;0;2;0;0;0;0;0;0;7031;1502
12/09/2024;0;0;0;0;0;0;0;0;0;0;0;0;0;0;0;0;0;0;0;0;0;0;0;0;0;0;0;0;0;0;0;0;0;0;0;0;0;0;0;0;0;0;0;0;0;0;0;0;0;0;1182;0;0;0;0;0;0;0;0;2;1210;0;0;0;0;0;0;0;0;0;0;0;0;0;1;0;0;0;520;58;0;0;0;0;0;0;0;405;0;593;0;0;0;0;598;0;0;0;182;0;1008;101;0;0;0;0;0;0;1;293;0;0;0;1102;0;0;0;0;0;0;0;0;945;0;1;0;0;0;0;0;0;6894;1403
11/09/2024;0;0;288;0;0;0;0;0;0;0;0;0;0;0;0;0;0;0;0;0;0;0;0;0;0;0;0;0;0;0;0;0;0;0;0;0;0;0;0;0;0;0;0;0;0;0;0;0;0;0;1190;0;0;0;0;0;0;0;0;0;1207;0;0;0;0;0;0;0;0;0;0;0;8;0;132;0;0;0;471;15;0;1;0;0;0;0;0;949;7;0;0;0;0;0;206;0;0;0;501;0;658;75;0;0;0;0;0;0;45;908;0;0;5;1081;0;0;0;0;0;0;0;0;175;0;0;0;0;0;0;0;0;6675;1226
10/09/2024;0;1;1230;0;0;0;0;0;0;0;0;0;0;0;0;0;0;0;0;0;0;0;0;0;0;0;0;0;0;0;0;0;0;0;0;0;308;0;0;0;0;0;0;0;0;0;0;6;9;0;901;0;0;0;0;0;0;0;0;15;1181;0;0;0;0;0;0;0;0;0;0;0;208;0;18;0;0;1;426;0;0;0;0;0;0;0;0;163;872;0;1;0;0;0;587;304;0;0;0;0;0;0;0;0;0;0;0;0;1068;0;0;0;6;1223;0;0;0;0;0;0;0;0;160;0;7;0;0;0;0;0;0;6551;1231
09/09/2024;0;2;1010;0;0;0;0;0;0;0;0;0;0;0;0;0;0;0;0;0;0;0;0;0;0;0;0;0;244;0;0;0;0;0;0;3;1036;0;0;0;0;0;0;0;0;0;0;0;0;0;0;0;0;0;0;0;0;0;0;1057;0;0;0;0;0;0;0;0;0;0;0;0;42;0;109;0;0;0;279;0;0;0;0;0;0;0;0;0;792;80;1;0;0;0;727;0;0;0;0;0;0;0;0;0;0;0;0;0;875;0;0;0;936;58;0;0;0;0;0;0;0;0;75;0;45;0;0;0;0;0;0;5805;1140
07/09/2024;9;0;178;0;0;0;0;0;0;0;0;0;0;0;0;0;0;0;0;0;0;0;0;0;0;0;0;0;0;0;0;0;0;0;0;114;63;0;0;0;0;0;0;0;0;0;0;0;0;0;0;0;0;0;0;0;0;0;0;178;0;0;0;0;0;0;0;0;0;0;0;0;0;0;72;0;0;0;132;0;0;0;0;0;0;0;0;0;0;168;0;0;0;0;116;0;0;0;0;0;0;0;0;0;0;0;0;0;151;0;0;0;189;0;0;0;0;0;0;0;0;0;0;0;49;0;0;0;0;0;0;917;267
06/09/2024;249;12;1224;0;0;2;0;0;0;0;0;0;0;0;0;0;0;0;0;0;0;0;0;0;0;0;0;0;0;0;0;0;0;0;0;878;0;0;0;0;0;0;0;0;0;0;0;0;0;0;0;0;0;0;0;0;0;0;1;1122;2;0;0;0;0;0;0;0;0;0;0;0;0;0;259;0;0;0;429;0;0;0;0;0;0;0;0;0;0;981;5;0;0;0;885;0;0;0;0;0;0;0;0;0;0;0;0;0;595;0;0;0;1204;0;0;0;0;0;0;0;0;0;274;0;157;0;0;0;0;0;0;6999;1019
05/09/2024;1203;3;1239;0;0;6;0;0;0;0;0;0;0;0;0;0;0;0;0;0;0;0;0;0;0;0;0;0;4;0;0;0;0;0;1;0;0;0;0;0;0;0;0;0;0;0;0;0;0;0;0;0;0;0;0;0;0;0;0;87;1;0;0;0;0;0;0;0;0;0;0;0;0;0;221;0;0;0;390;0;0;0;0;0;0;0;0;0;0;1081;1131;0;0;0;819;0;0;0;0;0;0;0;0;0;0;0;0;0;0;0;0;0;1240;2;0;0;0;0;0;0;0;0;1084;0;146;1;0;0;0;0;0;7463;1553
04/09/2024;854;298;1212;0;0;574;1;0;0;0;0;0;0;0;0;0;0;0;0;0;0;0;0;0;0;0;0;0;0;0;0;0;0;0;41;0;0;0;0;0;0;0;0;0;0;0;0;0;0;0;0;0;0;0;0;0;0;0;0;0;0;0;0;0;0;0;0;0;0;0;0;0;0;0;207;0;0;0;469;0;0;0;0;0;0;0;0;0;0;1059;890;0;0;0;865;0;0;0;0;0;0;0;0;0;0;0;0;0;0;0;0;0;879;0;0;0;0;0;0;0;0;0;1072;0;156;0;0;0;0;0;0;6713;1461
03/09/2024;0;1154;1227;0;0;2293;93;0;0;0;0;0;0;0;0;0;0;0;0;0;0;0;0;0;0;0;0;0;0;0;3;0;0;0;0;0;0;0;0;0;0;0;0;0;0;0;0;1;2;0;0;0;0;0;0;0;0;0;0;0;0;0;0;0;0;0;0;0;0;0;0;0;0;0;213;0;0;1;410;0;0;1;0;0;0;0;0;0;0;1039;0;0;0;0;918;0;0;0;0;0;0;0;0;0;0;0;0;0;0;0;0;0;0;0;0;0;0;0;0;0;0;0;1048;0;148;0;0;0;0;0;0;6894;1560
02/09/2024;0;839;1010;1;0;1947;0;0;0;0;0;0;0;0;0;0;0;0;0;0;0;0;0;0;0;0;0;0;0;0;1;0;9;0;0;0;0;0;0;0;0;0;0;0;0;0;0;73;1;0;6;0;0;0;0;0;0;0;0;0;0;0;0;0;0;0;0;0;0;0;0;0;0;0;74;0;0;3;290;0;1;23;0;0;0;0;0;5;0;831;0;0;0;0;705;0;0;0;0;0;1;0;0;0;0;0;0;0;0;0;0;0;3;10;0;0;0;0;0;0;0;0;880;0;64;0;0;0;0;0;0;6163;1308
31/08/2024;0;0;987;0;0;1387;0;0;64;0;0;0;0;0;0;0;0;0;0;0;0;0;0;0;0;0;0;0;0;0;0;0;0;0;0;0;0;0;0;0;0;0;0;0;0;0;0;420;377;0;0;0;0;0;0;0;0;0;0;0;1;0;0;0;0;0;0;0;0;0;0;0;0;0;0;0;0;0;217;0;0;58;0;0;0;0;0;606;0;68;0;0;0;0;174;0;0;0;0;0;7;0;0;0;0;0;0;0;3;1;0;0;4;11;0;0;0;0;0;0;0;0;736;0;0;0;0;0;0;0;0;3379;715
30/08/2024;0;0;1374;101;0;1788;0;0;415;0;1;0;0;0;0;0;0;0;0;0;0;0;0;0;0;0;0;0;0;0;0;0;2;0;0;0;0;0;0;0;0;0;0;0;0;0;0;0;1071;0;1;0;0;0;0;0;0;0;0;0;2;0;0;0;0;0;0;0;0;0;0;0;0;0;0;0;0;2;476;0;0;143;0;0;0;0;0;1021;0;42;0;0;0;0;910;0;0;0;1;0;8;0;0;0;0;0;0;0;276;0;0;0;0;0;0;0;0;0;0;0;0;0;932;9;0;0;0;0;0;0;1;6636;1423
29/08/2024;0;0;1491;0;0;1019;85;0;520;0;223;0;0;0;0;0;0;0;0;0;0;0;0;0;0;0;0;0;0;0;0;0;1;0;0;0;0;0;0;0;0;0;0;0;0;0;0;0;929;0;267;0;0;0;0;0;0;0;2;0;295;0;0;0;0;0;0;0;0;0;0;0;0;0;0;0;0;88;466;0;0;56;0;0;0;0;0;37;0;1050;0;0;0;0;794;0;0;0;0;0;0;7;0;0;0;0;0;0;1053;1;0;0;0;0;0;0;0;0;0;0;0;0;206;4;0;0;0;0;0;0;0;6453;1483
28/08/2024;0;0;1520;0;0;0;0;350;0;0;647;0;0;0;0;0;0;0;0;0;0;0;2;0;0;0;0;0;0;0;0;0;214;0;0;0;0;0;0;0;0;0;0;0;0;0;0;1;0;0;1199;0;0;0;0;0;0;0;790;3;421;0;0;0;0;0;0;0;0;0;0;0;0;0;0;0;0;149;444;0;0;0;0;0;0;0;0;0;0;1070;0;0;0;0;825;0;0;0;0;0;0;0;0;0;0;0;0;0;624;0;0;0;1;0;0;0;0;0;0;0;0;0;509;10;0;0;0;0;0;0;0;6424;1262
27/08/2024;0;0;1430;0;0;0;0;930;0;0;0;0;0;0;0;0;0;0;0;0;0;0;3;0;0;0;0;0;0;0;0;0;561;0;0;0;0;0;0;0;0;0;0;1;0;0;0;360;0;0;830;0;0;0;0;0;0;0;1213;1;0;0;0;0;0;0;0;0;0;0;0;0;0;0;0;0;0;120;393;0;0;1;0;0;0;0;0;1;0;1016;1;0;0;0;666;0;0;0;0;0;0;0;0;0;0;0;0;0;0;0;0;0;1;0;0;0;0;0;0;0;0;0;261;990;0;0;0;4;0;0;7;7154;1275
26/08/2024;0;0;1129;0;0;0;0;780;1;0;0;0;0;0;0;0;0;0;0;0;0;0;6;0;0;0;0;0;0;0;0;0;4;0;0;0;0;0;0;0;0;0;1;6;0;0;0;358;0;0;627;0;0;0;0;0;0;0;316;669;2;0;0;0;0;0;0;0;0;0;0;0;0;0;0;0;0;28;337;0;1;21;0;0;0;0;0;583;0;254;0;0;0;0;777;0;0;0;1;0;130;0;0;0;0;0;0;0;0;0;0;0;0;0;0;0;0;0;0;0;0;0;150;834;0;0;0;0;0;0;0;6060;1140
25/08/2024;0;0;0;0;0;0;0;90;0;0;0;0;0;0;0;0;0;0;0;0;0;0;0;0;0;0;0;0;0;0;0;0;0;0;0;0;0;0;0;0;0;0;0;0;0;0;0;0;0;0;139;0;0;0;0;0;0;0;140;0;0;0;0;0;0;0;0;0;0;0;0;0;0;0;1;0;0;0;141;0;0;22;0;0;0;0;0;133;0;0;0;0;0;0;94;0;0;0;0;0;212;0;0;0;0;0;0;0;0;0;0;0;0;0;0;0;0;0;0;0;0;0;33;116;0;0;0;0;0;0;0;634;276
24/08/2024;0;0;0;0;0;0;0;337;4;0;0;0;0;0;0;0;0;0;1;0;0;0;20;0;0;0;0;0;0;0;0;0;0;0;0;0;0;0;0;0;0;0;0;0;0;0;0;0;0;0;1114;0;0;0;0;0;0;0;892;79;150;0;0;0;0;0;0;0;0;0;0;0;0;0;1;0;0;3;484;5;0;36;0;0;0;0;0;913;0;0;4;0;0;0;801;0;0;0;0;0;784;0;0;0;0;0;0;0;0;0;0;0;0;0;0;0;0;0;0;0;0;0;226;952;0;0;0;0;0;0;0;5507;1227
23/08/2024;0;0;0;0;0;1;0;488;3;0;0;0;0;0;0;0;0;0;0;0;0;0;8;0;0;0;0;0;0;0;0;0;2;0;0;0;0;0;0;0;0;0;1;5;0;0;0;0;0;0;1010;0;0;0;0;0;0;0;0;1046;2;0;0;0;0;0;0;0;0;0;0;0;0;0;0;0;0;133;435;3;2;0;0;0;0;0;0;1018;1;1;10;0;0;0;800;0;0;0;0;0;1265;86;0;0;0;0;0;0;0;0;0;0;0;0;0;0;0;0;0;0;0;0;250;995;0;0;0;0;0;0;0;6924;1351
22/08/2024;0;0;0;0;0;1;0;731;357;0;1;0;0;0;0;0;0;0;0;0;8;0;613;0;0;0;0;0;0;0;0;0;0;0;0;0;0;0;0;0;0;0;213;56;0;0;0;0;0;0;316;0;0;0;0;0;0;0;0;213;21;0;0;0;0;0;0;0;0;0;0;0;0;0;1;0;0;33;507;33;11;0;0;0;0;0;0;1161;0;1;1212;0;0;0;49;0;0;0;0;0;1195;0;0;0;0;0;0;0;0;0;0;0;0;0;0;0;0;0;0;0;0;0;199;977;0;0;0;0;0;0;0;6668;1501
21/08/2024;0;0;0;0;0;12;0;925;1468;0;4;0;0;0;0;0;0;0;0;0;27;0;784;0;0;0;0;0;0;0;0;0;0;0;0;0;0;0;0;0;0;0;0;1128;0;0;0;0;0;0;4;0;0;0;0;0;0;0;0;0;1179;0;0;0;0;0;0;0;0;0;0;0;0;0;3;0;0;0;508;0;62;1;0;0;0;0;0;430;254;313;0;0;0;0;0;0;0;0;0;0;0;0;0;0;0;0;0;0;0;0;0;0;0;0;0;0;0;0;0;0;0;0;165;984;0;0;0;0;0;0;0;7103;1592
20/08/2024;0;0;0;0;0;0;0;876;1273;0;10;0;0;0;0;0;0;0;0;0;25;0;790;0;0;0;0;0;0;0;0;0;0;0;0;0;0;0;0;0;0;0;0;797;0;0;0;0;0;0;328;0;0;0;0;0;0;0;0;0;1132;0;0;0;0;2;0;0;0;0;0;0;0;0;93;0;0;0;521;0;18;4;0;0;0;0;0;0;0;1020;0;0;0;0;0;0;0;0;0;0;0;0;0;0;0;0;0;0;0;0;0;0;0;1;0;0;0;0;0;0;0;0;1200;0;0;0;0;0;0;0;0;7173;1641
19/08/2024;0;0;0;0;0;12;0;787;1220;0;0;0;0;0;0;0;0;0;3;0;714;0;16;0;0;0;0;0;0;0;0;0;0;0;0;0;0;0;0;0;0;0;0;0;0;0;0;2;23;0;966;0;0;0;0;0;0;0;0;0;981;0;0;0;0;1;0;0;0;0;0;0;0;0;54;0;0;0;343;0;0;48;0;0;0;0;0;0;0;820;0;0;0;0;0;0;0;0;0;0;0;0;0;0;0;0;0;0;0;0;0;0;1;0;0;0;0;0;0;0;0;0;958;0;0;0;0;0;0;0;0;6131;1207
18/08/2024;0;0;0;0;0;8;0;114;160;0;0;0;0;0;0;0;0;0;0;0;80;0;0;0;0;0;0;0;0;0;0;0;0;0;0;0;0;0;0;0;0;0;0;0;0;0;0;0;0;0;0;0;0;0;0;0;0;0;0;0;0;0;0;0;0;0;0;0;0;0;0;0;0;0;0;0;0;0;137;0;0;44;0;0;0;0;0;0;0;0;0;0;0;0;0;0;0;0;0;0;0;0;0;0;0;0;0;0;0;0;0;0;0;0;0;0;0;0;0;0;0;0;46;0;0;0;0;0;0;0;0;187;190
17/08/2024;0;0;0;0;0;1361;0;635;11;0;4;0;0;0;0;0;0;0;4;0;838;0;0;0;0;0;0;0;0;0;0;0;0;0;0;0;0;0;0;0;0;0;0;0;0;0;0;0;187;0;0;0;0;0;0;0;0;0;0;0;172;0;0;0;0;1;0;0;0;0;0;0;0;0;0;0;0;0;501;0;0;161;0;0;0;0;0;0;0;156;0;0;0;0;0;0;0;0;0;0;0;0;0;0;0;0;0;0;0;0;0;0;208;0;0;0;0;0;0;0;0;0;326;0;0;1;0;0;0;0;0;3912;847
16/08/2024;0;0;0;0;0;1485;0;0;0;0;0;0;0;0;0;0;0;0;13;0;716;0;0;0;0;0;0;0;0;0;222;0;0;0;0;0;0;0;0;0;0;0;0;0;0;0;0;9;1204;0;0;0;0;0;0;0;0;0;0;0;913;0;0;0;1;317;0;0;0;0;0;0;0;0;0;0;0;0;485;0;0;144;0;0;0;0;0;3;0;1046;0;0;0;0;0;0;0;0;2;0;0;0;0;0;0;0;0;0;0;0;0;0;977;0;0;0;0;0;0;0;0;0;1220;0;0;0;0;0;0;0;0;6474;1556
15/08/2024;0;1;0;0;0;1413;0;0;1;0;0;0;0;0;0;0;0;0;135;0;660;0;0;0;0;0;0;0;0;0;2;0;0;0;0;0;0;0;0;0;0;0;2;0;0;0;0;10;1198;0;0;0;0;0;0;0;0;0;0;0;0;0;0;0;1;830;0;0;0;15;0;0;0;0;1;0;0;0;448;0;1;136;0;0;0;0;0;5;0;1053;0;0;0;0;1;0;0;0;0;0;0;0;0;0;0;0;0;0;0;0;0;0;1031;0;0;0;0;0;0;0;0;0;911;0;0;0;0;0;0;0;0;6574;1372
14/08/2024;0;0;0;0;0;1151;0;0;0;0;0;0;0;0;0;0;0;0;855;0;0;0;0;0;0;0;0;0;0;0;0;0;0;0;0;0;0;0;0;0;0;0;0;0;0;0;0;899;258;0;0;0;0;0;0;0;0;0;0;0;0;0;0;0;1;1091;0;0;0;652;0;0;0;0;5;0;0;0;492;0;0;123;0;0;0;0;0;847;0;103;0;0;0;0;1;0;0;0;6;0;0;0;0;0;0;0;0;0;1;0;0;0;1177;0;0;0;0;0;0;0;0;0;419;0;0;0;0;0;0;0;0;7304;1372
13/08/2024;0;2;7;0;0;1198;0;0;0;0;0;0;0;0;0;0;0;0;855;0;0;0;0;0;0;0;0;0;0;0;0;0;0;0;0;0;0;0;0;0;0;0;0;0;0;0;0;1097;1;0;0;0;0;0;0;0;0;0;0;1;0;0;0;0;9;1158;0;0;0;0;0;0;0;0;130;0;0;0;437;0;0;49;0;0;0;0;0;1011;0;0;0;1;0;0;0;0;0;0;7;0;0;0;0;0;0;0;0;0;0;0;0;0;1213;0;0;0;0;0;0;0;0;0;1133;1;0;0;8;5;0;0;13;7135;1629
12/08/2024;0;131;0;0;0;1005;0;0;0;0;0;0;0;0;0;0;0;0;582;0;0;0;0;0;0;0;0;0;0;0;0;0;0;0;0;0;0;0;0;0;0;0;0;0;0;0;0;783;0;0;0;0;0;0;0;0;0;0;0;0;0;0;0;0;600;438;0;0;0;0;0;0;0;0;175;0;7;0;269;0;3;0;0;0;0;0;0;798;0;0;0;3;0;0;15;0;0;0;90;0;0;0;0;0;0;0;0;0;0;0;0;0;1002;4;1;0;0;0;0;0;0;0;748;1;124;0;0;0;0;0;0;5989;1341
11/08/2024;0;141;0;0;0;0;0;0;0;0;0;0;0;0;0;0;0;0;0;0;0;0;0;0;0;0;0;0;0;0;0;0;0;0;0;0;0;0;0;0;0;0;0;0;0;0;0;0;0;0;0;0;0;0;0;0;0;0;0;0;0;0;0;0;155;0;0;0;0;0;0;0;0;0;0;0;0;0;0;0;0;0;0;0;0;0;0;127;0;0;0;0;0;0;0;0;0;0;0;0;0;0;0;0;0;0;0;0;0;2;0;0;0;0;0;0;0;0;0;0;0;0;0;0;119;0;0;0;0;0;0;304;141
10/08/2024;0;876;0;0;0;175;0;0;3;0;0;0;0;0;0;0;0;0;0;0;0;0;0;0;0;0;0;0;0;0;0;0;0;0;140;0;0;0;0;0;0;0;0;0;0;0;0;0;0;0;0;0;0;0;0;0;0;0;0;0;0;0;0;0;1142;0;0;0;0;0;0;0;0;0;66;0;0;0;135;0;0;0;0;0;0;0;0;695;234;2;0;0;0;0;0;0;0;0;85;0;0;0;0;0;0;0;0;0;0;0;0;0;174;0;3;0;0;0;0;0;0;0;51;0;972;0;0;0;0;0;0;4276;1060
09/08/2024;6;998;0;0;0;1202;0;0;1;0;0;0;0;0;0;0;0;0;0;0;0;0;0;0;0;0;0;0;0;0;0;0;0;0;0;0;0;0;0;0;0;0;0;0;0;0;0;0;0;0;0;0;0;0;0;0;0;0;0;0;0;0;0;0;1479;0;0;0;0;0;0;0;0;0;213;0;0;0;388;0;0;11;0;0;0;0;0;0;965;1;0;11;0;0;229;1;0;0;566;0;0;0;0;0;0;0;0;0;0;278;0;0;190;929;96;0;0;0;0;0;0;0;153;0;699;0;0;0;0;0;0;7160;1740
08/08/2024;27;824;1;0;0;1206;0;0;0;0;0;0;0;0;0;0;0;0;0;0;0;0;0;0;0;0;0;0;0;0;0;0;0;0;0;0;0;0;0;0;0;0;1;0;0;0;0;0;0;0;0;0;0;0;0;0;0;0;0;0;0;0;0;0;595;0;0;0;0;0;0;0;0;0;92;0;0;0;399;0;5;68;0;0;0;0;0;0;1012;1;0;631;0;0;792;0;0;0;0;0;0;0;0;0;0;0;0;0;5;1032;0;0;0;1199;0;0;0;0;0;0;0;0;141;0;0;1;0;0;0;0;0;6779;1566
07/08/2024;831;74;323;0;0;851;0;0;0;0;0;0;0;0;0;0;0;0;0;0;0;0;0;0;0;0;0;0;0;0;0;0;0;0;0;0;0;0;0;0;0;0;0;0;0;0;0;0;0;0;0;0;0;0;0;0;0;0;0;0;0;0;0;0;0;0;0;0;0;0;0;0;0;0;128;0;0;0;408;0;2;30;0;0;0;0;0;0;976;1;0;1357;0;0;646;181;0;0;0;0;0;0;0;0;0;0;0;0;585;372;0;0;0;1108;0;0;0;0;0;0;0;0;154;1;0;0;0;0;0;0;0;6887;1438
06/08/2024;1002;0;1461;0;0;0;0;0;0;0;0;0;0;0;0;0;0;0;0;0;0;0;6;0;0;0;0;0;0;0;0;0;0;0;0;4;1;0;0;0;0;0;0;0;0;0;0;0;0;0;0;0;0;0;0;0;0;0;0;0;2;0;0;0;0;0;0;0;0;0;0;0;3;0;232;0;2;0;400;0;0;0;0;0;0;0;0;7;589;237;0;1433;0;0;821;0;0;0;0;0;0;0;0;0;0;0;0;0;880;0;0;0;0;943;0;0;0;0;0;0;0;0;154;0;0;0;0;0;0;0;0;6546;1389
05/08/2024;787;0;1244;0;0;1;0;9;133;0;78;0;0;0;0;0;0;0;5;0;29;0;1;0;0;0;0;0;0;0;0;0;0;0;0;5;2;0;0;0;0;0;0;0;0;0;0;0;0;0;0;0;0;0;0;0;0;0;0;0;0;0;0;0;0;0;0;0;0;0;0;0;59;0;98;0;0;0;280;0;0;0;0;0;0;0;0;0;0;745;0;1038;0;0;740;0;0;0;0;0;0;0;0;0;0;0;0;0;640;0;0;0;0;763;0;0;0;0;0;0;0;0;219;0;0;0;0;0;0;0;0;5902;1208
03/08/2024;136;0;157;0;0;0;0;0;185;0;138;0;0;0;0;0;0;0;0;0;0;0;0;0;0;0;0;0;0;0;0;0;0;0;0;34;0;0;0;0;0;0;1;0;0;0;0;0;0;0;0;0;0;0;0;0;0;0;0;0;0;0;0;0;0;0;0;0;0;0;0;0;76;0;0;0;3;0;126;0;0;0;0;0;0;0;0;0;0;166;0;0;0;0;119;0;0;0;0;0;0;0;0;0;0;0;0;0;0;0;0;0;0;0;0;0;0;0;0;0;0;0;208;1;0;0;0;0;0;0;0;498;373
02/08/2024;0;0;1266;30;0;7;0;5;1160;0;909;0;0;0;0;0;0;0;1;0;24;0;1;0;0;0;0;0;0;0;0;0;0;0;0;942;201;0;0;0;0;0;0;0;0;0;0;0;0;0;0;0;0;0;0;0;0;0;0;0;0;0;0;0;0;0;0;0;0;0;0;0;216;0;3;0;156;0;199;0;0;0;0;0;0;0;0;2;0;912;0;0;0;0;770;0;0;0;0;0;0;0;0;0;0;0;0;0;0;0;0;0;0;0;0;0;0;0;0;0;0;0;789;1;263;0;0;0;0;0;0;6750;1453
01/08/2024;0;0;1542;0;0;0;1;2;1271;0;982;0;0;0;0;0;0;0;20;0;8;0;4;0;0;0;0;0;0;0;0;0;0;0;0;0;809;0;0;0;0;0;199;0;0;0;0;0;0;0;0;0;0;0;0;0;0;0;0;0;0;0;0;0;0;0;0;0;0;0;0;0;233;0;20;0;116;0;320;0;0;0;0;0;0;0;0;4;0;945;0;0;0;0;872;0;0;0;0;0;0;0;0;0;0;0;0;0;0;0;0;0;0;0;0;0;0;0;0;0;0;0;172;3;924;9;0;0;0;0;0;6922;1515
31/07/2024;0;0;1443;0;0;603;0;0;1016;0;950;0;0;0;0;0;0;0;4;0;169;0;7;0;0;0;0;0;0;0;0;0;0;0;0;0;0;0;0;0;0;0;692;8;0;0;0;0;0;0;0;0;0;0;0;0;0;0;0;0;3;0;0;0;0;0;0;0;0;0;0;0;15;0;203;0;0;0;376;0;0;0;0;0;0;0;0;0;0;868;0;0;0;0;1031;0;0;0;0;0;0;0;0;0;0;0;0;0;0;0;0;0;0;0;0;0;0;0;0;0;0;0;71;342;63;462;0;0;0;0;0;6591;1581
30/07/2024;0;0;1455;0;0;1686;2;0;0;0;965;0;0;0;0;0;0;0;21;0;499;0;219;0;0;0;0;0;0;0;0;0;0;0;0;0;0;0;0;0;0;0;671;1;0;0;0;0;1;0;0;0;0;0;0;0;0;0;0;1;4;0;0;0;0;0;0;0;0;0;0;0;0;0;228;0;0;0;419;0;0;0;0;0;0;0;0;716;0;193;0;0;0;0;1301;0;0;0;0;0;0;0;0;0;0;0;0;0;9;0;0;0;0;0;0;0;0;0;0;0;0;0;968;110;0;1;0;0;0;0;0;7094;1459
29/07/2024;0;0;1278;0;0;1301;0;241;1;0;611;0;0;0;0;0;0;0;19;0;0;0;705;0;0;0;0;0;0;0;0;0;0;0;0;0;0;0;0;0;0;0;569;4;0;0;0;0;3;0;0;0;0;0;0;0;0;0;0;0;0;0;0;0;0;0;0;0;0;0;0;0;0;0;125;0;0;0;287;0;0;0;0;0;0;0;0;761;0;3;0;0;0;0;1105;0;0;0;0;0;0;0;0;0;0;0;0;0;2;0;0;0;0;0;0;0;0;0;0;0;0;0;857;0;0;0;0;0;0;0;0;6278;1203
28/07/2024;0;0;141;0;0;186;0;100;0;0;0;0;0;0;0;0;0;0;24;0;0;0;67;0;0;0;0;0;0;0;0;0;0;0;0;0;0;0;0;0;0;0;1;75;0;0;0;0;0;0;0;0;0;0;0;0;0;0;0;0;0;0;0;0;0;0;0;0;0;0;0;0;0;0;36;0;0;0;124;0;0;0;0;0;0;0;0;127;0;0;0;0;0;0;137;0;0;0;0;0;0;0;0;0;0;0;0;0;1;0;0;0;0;0;0;0;0;0;0;0;0;0;158;0;0;0;0;0;0;0;0;702;374
27/07/2024;0;0;1291;0;0;893;197;891;263;0;1;0;0;0;0;0;0;0;189;0;0;0;513;0;0;0;0;0;0;0;0;0;0;0;0;0;0;0;0;0;0;0;0;788;0;0;0;0;0;0;0;0;0;0;0;0;0;0;0;1;0;0;0;0;0;0;0;0;0;0;0;0;0;0;129;0;0;0;449;0;0;0;0;0;0;0;0;454;0;399;0;0;0;0;1332;0;0;0;0;0;0;0;0;0;0;0;0;0;460;1;0;0;0;0;0;0;0;0;0;0;0;0;508;0;0;0;0;0;0;0;0;6995;1545
26/07/2024;0;0;1449;0;0;0;0;710;942;0;255;0;0;0;0;0;0;0;451;0;0;0;0;0;0;0;0;0;0;0;0;0;0;0;0;0;0;0;0;0;0;0;3;994;0;0;0;1;0;0;0;0;0;0;0;0;0;0;0;161;129;0;0;0;0;0;0;0;0;1;0;0;0;0;21;0;0;0;468;0;0;0;0;0;0;0;0;0;0;788;0;0;0;0;1116;0;0;0;0;0;0;0;0;0;0;0;0;0;746;39;0;0;0;0;0;0;0;0;0;0;0;0;251;0;0;0;0;0;0;0;0;6941;1468
25/07/2024;0;0;942;0;0;0;0;0;0;0;624;0;0;0;0;0;0;0;0;0;0;0;0;0;0;0;0;0;0;0;0;0;0;0;0;0;0;0;0;0;0;0;1162;48;0;0;0;2;0;0;0;0;0;0;0;0;0;0;0;1230;0;0;0;0;0;0;0;0;0;5;0;0;0;0;0;0;0;0;336;0;0;0;0;0;0;0;0;1;0;661;0;0;0;0;635;0;0;0;0;0;0;0;0;0;0;0;0;0;400;0;0;0;0;0;0;0;0;0;0;0;0;0;117;0;0;14;0;0;0;0;0;6057;1200
24/07/2024;0;0;0;0;0;0;0;0;0;0;0;0;0;0;0;0;0;0;0;0;0;0;0;0;0;0;0;0;0;0;0;0;0;0;0;0;0;0;0;0;0;0;572;0;0;0;0;0;624;0;0;0;0;0;0;0;0;0;0;590;630;0;0;0;0;0;0;0;0;446;0;0;0;0;0;0;0;0;0;0;0;0;0;0;0;0;0;1;0;533;0;0;0;0;0;0;0;0;0;0;0;0;0;0;0;0;0;0;0;0;0;0;0;0;0;0;0;0;0;0;0;0;1;0;0;0;0;0;0;0;0;3184;940
23/07/2024;0;0;0;0;0;0;0;0;0;0;0;0;0;0;0;0;0;0;0;0;0;0;0;0;0;0;0;0;0;0;0;0;0;0;0;0;0;0;0;0;0;0;0;0;0;0;0;15;1183;0;0;0;0;0;0;0;0;0;0;0;1149;0;0;0;0;0;0;0;0;61;0;0;0;0;0;0;0;0;0;0;0;0;0;0;0;0;0;212;0;328;11;0;0;0;0;0;0;0;0;0;0;0;0;0;0;0;0;0;0;0;0;0;0;0;0;0;0;0;0;0;0;0;182;292;0;0;0;0;0;0;0;3607;931
22/07/2024;0;0;0;0;0;0;0;0;0;0;0;0;0;0;0;0;0;0;0;0;0;0;0;0;0;0;0;0;0;0;0;0;0;0;0;0;0;0;0;0;0;0;0;0;0;0;0;775;55;0;0;0;0;0;0;0;0;0;0;0;29;0;0;0;0;0;0;0;0;0;0;0;0;0;0;0;0;0;0;0;0;0;0;0;0;0;0;223;0;0;732;0;0;0;0;0;0;0;0;0;0;0;0;0;0;0;0;0;0;0;0;0;0;0;0;0;0;0;0;0;0;0;0;216;0;0;0;0;0;0;0;2996;700
12/07/2024;0;0;1490;0;0;0;0;962;0;0;0;0;0;0;0;0;0;0;0;0;0;0;1;0;0;0;0;0;0;0;0;0;0;0;0;0;0;0;0;0;0;0;0;0;0;0;0;0;0;0;0;0;0;0;0;0;0;0;0;0;0;0;0;0;0;0;0;0;0;0;0;0;1;0;4;0;0;0;979;34;50;70;0;0;0;0;0;0;0;0;0;0;0;0;877;0;0;0;0;0;0;0;0;0;0;0;0;0;0;0;0;0;0;0;0;0;0;0;0;0;0;0;486;0;0;0;0;0;0;0;0;3236;684
11/07/2024;0;0;1461;0;0;0;0;715;1;0;1;0;0;0;0;0;0;0;0;0;0;0;0;0;0;0;0;0;0;0;0;0;0;0;0;0;0;0;0;0;0;0;0;0;0;0;0;0;0;0;0;0;0;0;0;0;0;0;0;0;0;0;0;0;0;0;0;0;0;0;0;0;2;0;92;0;0;0;1014;47;1;3;0;0;0;0;0;0;0;0;0;0;0;0;839;0;0;0;0;0;0;0;0;0;0;0;0;0;0;0;0;0;0;225;0;0;0;0;0;0;0;0;452;1;0;0;0;0;0;0;0;4145;771
10/07/2024;0;1;820;0;0;0;0;0;211;109;0;0;0;0;0;0;0;0;1;0;0;0;0;0;0;0;0;0;0;0;0;0;0;0;0;0;1;0;0;0;0;0;0;0;0;0;0;117;0;0;1;0;0;0;0;0;0;0;129;0;0;0;0;0;0;1;0;0;0;0;0;0;2;0;89;0;0;0;1089;0;0;45;0;0;0;0;0;138;1;0;0;0;0;0;469;0;0;0;0;0;0;0;0;0;0;0;0;0;0;0;0;0;128;689;62;34;0;0;0;0;0;0;367;2;0;135;0;0;0;0;0;3875;782
09/07/2024;0;0;0;0;0;638;0;0;734;0;0;0;0;0;0;0;0;0;0;0;0;0;0;0;0;0;0;0;0;0;0;0;0;0;0;0;0;0;0;0;0;0;0;0;0;0;0;427;0;0;598;0;0;0;0;0;0;0;1225;0;0;0;0;0;0;6;0;0;0;0;0;0;0;0;0;0;0;0;1010;0;0;118;0;0;0;0;0;556;2;0;0;1;0;0;826;1;2;0;0;0;1;0;0;0;0;0;0;0;0;0;0;0;989;0;0;0;0;0;0;0;0;0;529;7;0;483;0;0;0;0;0;6987;1504
08/07/2024;0;3;0;0;0;1050;0;0;3;0;0;0;0;0;0;0;0;0;0;0;0;0;0;0;0;0;0;0;0;0;0;0;0;0;0;0;1;0;0;0;0;0;2;4;0;0;0;187;0;0;812;0;0;0;0;0;0;0;891;0;2;0;0;0;0;114;1292;220;0;0;0;0;0;0;0;0;0;0;807;1;0;165;0;0;0;0;0;356;1;0;0;9;647;0;457;198;101;0;0;0;0;0;0;0;0;0;0;0;0;0;0;0;1009;0;0;0;0;0;0;0;0;0;76;337;0;215;0;0;0;0;0;5831;1415
07/07/2024;0;0;0;0;0;140;0;0;0;0;0;0;0;0;0;0;0;0;0;0;0;0;0;0;0;0;0;0;0;0;0;0;0;0;0;0;0;0;0;0;0;0;0;0;0;0;0;115;0;0;1;0;0;0;0;0;0;0;0;0;0;0;0;0;0;175;0;0;0;0;0;0;0;0;0;0;0;0;136;0;0;0;0;0;0;0;0;132;0;0;0;3;0;0;109;0;0;0;0;0;0;0;0;0;0;0;0;0;0;0;0;0;136;0;0;0;0;0;0;0;0;0;0;58;0;128;0;0;0;0;0;1164;252
06/07/2024;0;0;2;0;0;1129;0;0;4;0;0;0;0;0;0;0;0;0;0;0;0;0;0;0;0;0;0;0;0;0;0;0;0;0;0;1;0;0;0;0;0;0;1;1;0;0;0;768;0;0;184;0;0;0;0;0;0;0;0;0;0;0;0;0;0;549;0;0;0;0;0;0;0;0;0;1;0;0;1107;3;0;44;0;0;0;0;0;356;159;0;0;805;0;0;877;0;0;0;0;0;2;1;0;0;0;0;0;0;0;0;0;0;1155;0;0;0;0;0;0;0;0;0;0;501;1;543;0;0;0;0;0;7189;1470
05/07/2024;0;0;3;0;0;1214;0;5;318;0;0;0;0;0;0;0;0;0;0;0;0;0;0;0;0;0;0;0;0;0;0;0;0;0;0;0;1;0;0;0;0;0;5;253;0;0;0;0;0;0;639;0;0;0;0;0;0;0;0;0;0;0;0;0;1;2;0;0;0;0;0;0;0;0;0;0;0;0;1030;0;0;166;0;0;0;0;0;0;521;0;0;1036;0;0;922;0;0;0;0;0;8;0;0;0;0;0;0;0;0;0;0;0;1195;0;0;0;0;0;0;0;0;0;0;498;0;527;0;0;0;0;0;7524;1600
04/07/2024;0;0;0;0;0;1177;0;0;1424;0;0;0;0;0;0;0;0;0;3;0;1;0;0;0;0;0;0;0;0;0;0;0;0;0;0;216;0;0;0;0;0;0;281;435;0;0;0;0;0;0;0;0;0;0;0;0;0;0;0;0;0;0;0;0;0;0;0;0;0;0;0;0;0;0;0;0;3;4;1042;0;0;164;0;0;0;0;0;0;549;1;0;0;0;0;676;0;0;0;3;0;9;0;0;0;0;0;0;0;0;0;0;0;1164;13;0;0;0;0;0;0;0;0;8;447;172;368;0;0;0;0;0;7135;1674
03/07/2024;1;5;0;0;0;1191;0;5;1081;1;2;0;0;0;0;0;0;0;0;0;0;0;1;0;0;0;0;0;0;0;0;0;0;0;0;314;580;0;0;0;0;0;0;0;0;0;0;0;0;0;0;0;0;0;0;0;0;0;0;0;0;0;0;0;0;200;0;0;0;0;0;0;0;0;0;0;1;0;1131;0;0;150;0;0;0;0;0;0;522;0;0;0;0;0;5;0;0;0;1;0;0;0;0;0;0;0;0;0;0;0;0;0;67;1110;0;0;0;0;0;0;0;0;188;135;522;0;0;0;0;0;0;7525;1622
02/07/2024;0;916;0;0;0;1128;0;2;5;0;2;0;0;0;0;0;0;0;0;0;1;0;3;0;0;0;0;0;0;0;0;0;0;0;0;0;302;0;0;0;0;0;0;0;0;0;0;0;0;0;0;0;0;0;0;0;0;0;0;0;0;0;0;0;0;1221;0;0;0;0;0;0;0;0;0;0;885;0;245;1;0;103;0;0;0;0;0;1;342;186;0;0;0;0;232;0;0;0;1;0;1;0;0;0;0;0;0;0;0;0;0;0;2;1107;0;0;0;0;0;0;0;0;359;5;536;3;0;0;0;0;0;7083;1613
01/07/2024;0;860;0;0;0;956;0;0;1;1;0;0;0;0;0;0;0;0;1;0;7;0;2;0;0;0;0;0;0;0;0;0;0;0;0;3;2;0;0;0;0;0;0;0;0;0;0;1;0;0;0;0;0;0;0;0;0;0;0;0;0;0;0;0;614;317;0;0;0;0;0;0;0;0;0;0;787;36;139;2;1;0;0;0;0;0;0;12;0;383;0;0;0;0;880;0;0;0;29;0;121;1;0;0;0;0;0;0;0;0;0;0;2;831;0;0;0;0;0;0;0;0;400;2;346;30;0;0;0;0;0;6227;1364
